画像,JP,HK,TB,ASIN,AmazonURL,セラー,商品名,商品メモ,セラーメモ,取得頻度,詳細,種類,FBA,価格,出品,FBA,在庫,グラフ,前日数,月売数,月上昇,月売上
https://images-na.ssl-images-amazon.com/images/I/71gtDmWrN%2BL._SY32_.jpg,,,,B06XGQKBHK,http://www.amazon.co.jp/dp/B06XGQKBHK,Amazon.co.jp,GPD WIN 黒 ＋ 液晶保護フィルム付属 (Windows10 /5.5inch /IPS液晶 /Intel Atom X7 Z8750) (4GB/64GB）(USB Type-C /USB3.0 /HDMI /Bluetooth4.1) (タッチパネル /Gorilla Glass 3 /Gamepad Tablet PC /UMPC /8750) (ブラック) [正規輸入品],,,24,,-,0,0,1,1,0,,0,0,0,0
https://images-na.ssl-images-amazon.com/images/I/41tzXrL71gL._SY32_.jpg,,,,B071K6QG6M,http://www.amazon.co.jp/dp/B071K6QG6M,wobble parts,HERBSTICK ECO silver (ドライハーブ用ヴェポライザー）,,,24,,シルバー,1,5400,1,1,-1,,0,0,0,0
https://images-na.ssl-images-amazon.com/images/I/21qoPA0UzJL._SY32_.jpg,,,,B07236H4GF,http://www.amazon.co.jp/dp/B07236H4GF,ecショップジャパン,iQOS（アイコス）ヒートスティック使用可能　電子タバコ　iQOS互換　Herbstick CS2【バッテリー大容量タイプ】（ブラック）,,,24,,-,1,5419,3,3,-1,,0,0,0,0
https://images-na.ssl-images-amazon.com/images/I/41M1vTiwg6L._SY32_.jpg,,,,B072MDPVJB,http://www.amazon.co.jp/dp/B072MDPVJB,Lucina Store,I QOS 互換機能搭載　HERBSTICK CS (white),,,24,,white,1,4780,4,2,3,,0,0,1,0
https://images-na.ssl-images-amazon.com/images/I/41M1vTiwg6L._SY32_.jpg,,,,B072MDPVJB,http://www.amazon.co.jp/dp/B072MDPVJB,MustacheJAPAN,I QOS 互換機能搭載　HERBSTICK CS (white),,,24,,white,1,5980,4,2,1,,0,19,4,97620
,,,,B072MDQ3R7,http://www.amazon.co.jp/dp/B072MDQ3R7,Lucina Store,,,,24,,-,1,4980,3,2,3,,0,0,1,0
https://images-na.ssl-images-amazon.com/images/I/31PBePFA5qL._SY32_.jpg,,,,B0756448R8,http://www.amazon.co.jp/dp/B0756448R8,メイヘン　★感謝してます★ 安心・安全の返品保証付き★迅速発送致します！,[180日保証] HERBSTICK ECO 正規品 ハーブスティック エコ スターターキット ヴェポライザー 電子タバコ 日本語説明書 セキュリティーコード付き (シルバー) [並行輸入品],,,24,,-,0,0,1,1,-1,,0,14,1,60520
https://images-na.ssl-images-amazon.com/images/I/01s-8KgUOHL._SY32_.jpg,,,,B072N2F42R,http://www.amazon.co.jp/dp/B072N2F42R,ecショップジャパン,HERBSTICK ECO black (ドライハーブ用ヴェポライザー） [並行輸入品],,,24,,ブラック,1,4498,4,3,-1,,0,0,1,0
https://images-na.ssl-images-amazon.com/images/I/01s-8KgUOHL._SY32_.jpg,,,,B072N2F42R,http://www.amazon.co.jp/dp/B072N2F42R,メイヘン　★感謝してます★ 安心・安全の返品保証付き★迅速発送致します！,HERBSTICK ECO black (ドライハーブ用ヴェポライザー） [並行輸入品],,,24,,ブラック,1,4498,4,3,-1,,0,0,4,0
https://images-na.ssl-images-amazon.com/images/I/41T5VWfJxTL._SY32_.jpg,,,,B0756XKPHK,http://www.amazon.co.jp/dp/B0756XKPHK,メイヘン　★感謝してます★ 安心・安全の返品保証付き★迅速発送致します！,HERBSTICK ECO (ドライハーブ用ヴェポライザー） 日本語説明書付き (シルバー) [並行輸入品],,,24,,シルバー,1,4580,2,2,4,,1,3,1,13440
https://images-fe.ssl-images-amazon.com/images/I/31D-i9JNW4L._SY32_.jpg,,,,B073YQT3SM,http://www.amazon.co.jp/dp/B073YQT3SM,NSマーケット,HERBSTICK ECO (加熱式タバコ/紙タバコ/ヴェポライザー) 　正規輸入品 (レッド),,,24,,レッド,1,5000,2,2,-1,,0,0,11,0
https://images-na.ssl-images-amazon.com/images/I/812DIFgZl7L._SY32_.jpg,,,,B074P2TQM2,http://www.amazon.co.jp/dp/B074P2TQM2,Mjuk,Herbstick Relax マウスピース 4個,,,24,,-,1,2199,2,2,9,,3,3,0,6597
https://images-na.ssl-images-amazon.com/images/I/812DIFgZl7L._SY32_.jpg,,,,B074P2TQM2,http://www.amazon.co.jp/dp/B074P2TQM2,wobble parts,Herbstick Relax マウスピース 4個,,,24,,-,1,2500,2,2,12,,0,0,0,0
https://images-na.ssl-images-amazon.com/images/I/31rdm2ARGOL._SY32_.jpg,,,,B074MTLQQ3,http://www.amazon.co.jp/dp/B074MTLQQ3,EYEPORT TOWN（アイポートタウン）,Herbstick ECO専用Mouthpiece（マウスピース）加熱式電子タバコ用アクセサリ (３個セットs 白(White)【itechオリジナル包装・説明書付き】,,,24,,３個セットs白(White),1,1200,1,1,-1,,0,0,0,0
https://images-na.ssl-images-amazon.com/images/I/31rdm2ARGOL._SY32_.jpg,,,,B074MYQ3QZ,http://www.amazon.co.jp/dp/B074MYQ3QZ,EYEPORT TOWN（アイポートタウン）,Herbstick ECO専用Mouthpiece（マウスピース）加熱式電子タバコ用アクセサリ (５個セットs 黒(Black)【itechオリジナル包装・説明書付き】,,,24,,５個セットs黒(Black),1,1500,1,1,-1,,0,0,0,0
https://images-na.ssl-images-amazon.com/images/I/31rdm2ARGOL._SY32_.jpg,,,,B074N1PZX2,http://www.amazon.co.jp/dp/B074N1PZX2,EYEPORT TOWN（アイポートタウン）,Herbstick ECO専用Mouthpiece（マウスピース）加熱式電子タバコ用アクセサリ (１個セットs 黒(Black)【itechオリジナル包装・説明書付き】,,,24,,１個セットs黒(Black),1,800,1,1,-1,,0,0,0,0
https://images-na.ssl-images-amazon.com/images/I/31rdm2ARGOL._SY32_.jpg,,,,B074N27C77,http://www.amazon.co.jp/dp/B074N27C77,EYEPORT TOWN（アイポートタウン）,Herbstick ECO専用Mouthpiece（マウスピース）加熱式電子タバコ用アクセサリ (５個セットs 白(White)【itechオリジナル包装・説明書付き】,,,24,,５個セットs白(White),1,1500,1,1,-1,,0,0,1,0
https://images-na.ssl-images-amazon.com/images/I/31rdm2ARGOL._SY32_.jpg,,,,B074N5Q478,http://www.amazon.co.jp/dp/B074N5Q478,EYEPORT TOWN（アイポートタウン）,Herbstick ECO専用Mouthpiece（マウスピース）加熱式電子タバコ用アクセサリ (３個セットs 黒(Black))【itechオリジナル包装・説明書付き】,,,24,,３個セットs黒(Black),1,1200,1,1,-1,,0,0,0,0
https://images-na.ssl-images-amazon.com/images/I/31n6l71dYIL._SY32_.jpg,,,,B074QN6SBR,http://www.amazon.co.jp/dp/B074QN6SBR,ecショップジャパン,[180日保証] HERBSTICK ECO 正規品 ハーブスティック エコ スターターキット 日本語説明書付き オリジナルセット ヴェポライザー 電子タバコ (ブラック),,,24,,-,1,4980,3,3,6,,10,10,0,44980
https://images-na.ssl-images-amazon.com/images/I/51iL8lL7lVL._SY32_.jpg,,,,B074MNHYWN,http://www.amazon.co.jp/dp/B074MNHYWN,MustacheJAPAN,(正規輸入品) herbstick vaporizer スターターキット (電子タバコ/葉タバコ専用/ヴェポライザー) (ブルーblue),,,24,,ブルーblue,1,5400,1,1,-1,,0,0,0,0
https://images-na.ssl-images-amazon.com/images/I/51iL8lL7lVL._SY32_.jpg,,,,B074MP1F3Y,http://www.amazon.co.jp/dp/B074MP1F3Y,MustacheJAPAN,(正規輸入品) herbstick vaporizer スターターキット (電子タバコ/葉タバコ専用/ヴェポライザー) (レッドred),,,24,,レッドred,1,5400,1,1,-1,,0,0,0,0
https://images-na.ssl-images-amazon.com/images/I/51iL8lL7lVL._SY32_.jpg,,,,B074MPY2GH,http://www.amazon.co.jp/dp/B074MPY2GH,MustacheJAPAN,(正規輸入品) herbstick vaporizer スターターキット (電子タバコ/葉タバコ専用/ヴェポライザー) (ブラックblack),,,24,,ブラックblack,1,5400,1,1,-1,,0,0,6,0
https://images-na.ssl-images-amazon.com/images/I/41tzXrL71gL._SY32_.jpg,,,,B075197VJD,http://www.amazon.co.jp/dp/B075197VJD,メイヘン　★感謝してます★ 安心・安全の返品保証付き★迅速発送致します！,[180日保証] HERBSTICK ECO 正規品 ハーブスティック エコ スターターキット ヴェポライザー 電子タバコ 日本語説明書 セキュリティーコード付き (シルバー),,,24,,シルバー,1,4999,1,1,1,,1,1,1,4999
https://images-na.ssl-images-amazon.com/images/I/41tzXrL71gL._SY32_.jpg,,,,B0751DRN9H,http://www.amazon.co.jp/dp/B0751DRN9H,メイヘン　★感謝してます★ 安心・安全の返品保証付き★迅速発送致します！,[180日保証] HERBSTICK ECO 正規品 ハーブスティック エコ スターターキット ヴェポライザー 電子タバコ 日本語説明書 セキュリティーコード付き (ブラック) [並行輸入品],,,24,,ブラック,1,4980,1,1,10,,0,21,6,101596
https://images-na.ssl-images-amazon.com/images/I/41VqppDWWOL._SY32_.jpg,,,,B071ZYN6FG,http://www.amazon.co.jp/dp/B071ZYN6FG,クローバーセレクト,HERBSTICK ECO (加熱式タバコ/紙タバコ/ヴェポライザー) (silver),,,24,,silver,1,5000,10,10,12,,0,0,0,0
https://images-na.ssl-images-amazon.com/images/I/41VqppDWWOL._SY32_.jpg,,,,B071ZYN6FG,http://www.amazon.co.jp/dp/B071ZYN6FG,NSマーケット,HERBSTICK ECO (加熱式タバコ/紙タバコ/ヴェポライザー) (silver),,,24,,silver,1,0,10,10,-1,,0,0,7,0
https://images-na.ssl-images-amazon.com/images/I/41VqppDWWOL._SY32_.jpg,,,,B071ZYN6FG,http://www.amazon.co.jp/dp/B071ZYN6FG,Plus One Trading,HERBSTICK ECO (加熱式タバコ/紙タバコ/ヴェポライザー) (silver),,,24,,silver,1,5000,10,10,9,,0,7,5,32400
https://images-na.ssl-images-amazon.com/images/I/41VqppDWWOL._SY32_.jpg,,,,B071ZYN6FG,http://www.amazon.co.jp/dp/B071ZYN6FG,wobble parts,HERBSTICK ECO (加熱式タバコ/紙タバコ/ヴェポライザー) (silver),,,24,,silver,1,5400,10,10,-1,,0,0,0,0
https://images-na.ssl-images-amazon.com/images/I/41VqppDWWOL._SY32_.jpg,,,,B071ZYN6FG,http://www.amazon.co.jp/dp/B071ZYN6FG,TRADE WING,HERBSTICK ECO (加熱式タバコ/紙タバコ/ヴェポライザー) (silver),,,24,,silver,1,5000,10,10,-1,,0,0,0,0
https://images-na.ssl-images-amazon.com/images/I/31pKHUWIlkL._SY32_.jpg,,,,B073ZWLXJB,http://www.amazon.co.jp/dp/B073ZWLXJB,Mjuk,(電子タバコ/葉タバコ専用) Herbstick Relax (ハーブスティック・リラックス　ヴェポライザー) (ピンク),,,24,,ピンク,1,6980,1,1,1,,0,0,0,0
https://images-na.ssl-images-amazon.com/images/I/31pKHUWIlkL._SY32_.jpg,,,,B073ZWLXJB,http://www.amazon.co.jp/dp/B073ZWLXJB,VAPE　MONSTER,(電子タバコ/葉タバコ専用) Herbstick Relax (ハーブスティック・リラックス　ヴェポライザー) (ピンク),,,24,,ピンク,1,6980,1,1,3,,0,0,0,0
https://images-fe.ssl-images-amazon.com/images/I/31D-i9JNW4L._SY32_.jpg,,,,B01BXYZH6I,http://www.amazon.co.jp/dp/B01BXYZH6I,Lucina Store,(正規輸入品) herbstick eco スターターキット (電子タバコ/葉タバコ専用/ヴェポライザー),,,24,,ブラック,1,5000,21,10,5,,0,0,0,0
https://images-fe.ssl-images-amazon.com/images/I/31D-i9JNW4L._SY32_.jpg,,,,B01BXYZH6I,http://www.amazon.co.jp/dp/B01BXYZH6I,Plus One Trading,(正規輸入品) herbstick eco スターターキット (電子タバコ/葉タバコ専用/ヴェポライザー),,,24,,ブラック,1,5000,21,10,-1,,0,0,7,0
https://images-fe.ssl-images-amazon.com/images/I/31D-i9JNW4L._SY32_.jpg,,,,B01BXYZH6I,http://www.amazon.co.jp/dp/B01BXYZH6I,VAPE TIMES,(正規輸入品) herbstick eco スターターキット (電子タバコ/葉タバコ専用/ヴェポライザー),,,24,,ブラック,1,5000,21,10,10,,0,0,0,0
https://images-fe.ssl-images-amazon.com/images/I/31D-i9JNW4L._SY32_.jpg,,,,B01BXYZH6I,http://www.amazon.co.jp/dp/B01BXYZH6I,TRADE WING,(正規輸入品) herbstick eco スターターキット (電子タバコ/葉タバコ専用/ヴェポライザー),,,24,,ブラック,1,5000,21,10,-1,,0,0,0,0
https://images-fe.ssl-images-amazon.com/images/I/31D-i9JNW4L._SY32_.jpg,,,,B01BXYZH6I,http://www.amazon.co.jp/dp/B01BXYZH6I,Ryoma888,(正規輸入品) herbstick eco スターターキット (電子タバコ/葉タバコ専用/ヴェポライザー),,,24,,ブラック,1,5000,21,10,5,,0,0,0,0
https://images-na.ssl-images-amazon.com/images/I/61lE3MSoRsL._SY32_.jpg,,,,B073WWSZC3,http://www.amazon.co.jp/dp/B073WWSZC3,JPMercury,Eleaf（イーリーフ）iStick Pico＋Mel3 mini 2mlアトマイザー 電子タバコ スターターキット(ブラック),,,24,,-,1,4790,1,1,27,,0,0,0,0
https://images-na.ssl-images-amazon.com/images/I/61lE3MSoRsL._SY32_.jpg,,,,B073WWXSH4,http://www.amazon.co.jp/dp/B073WWXSH4,JPMercury,Eleaf（イーリーフ）iStick Pico 75W(アイスティック ピコ75W)バッテリー別売り　シルバー,,,24,,-,1,3880,1,1,15,,0,3,1,11640
https://images-na.ssl-images-amazon.com/images/I/61lE3MSoRsL._SY32_.jpg,,,,B073WWMMSQ,http://www.amazon.co.jp/dp/B073WWMMSQ,JPMercury,Eleaf（イーリーフ）iStick Pico＋Mel3 mini 2mlアトマイザー 電子タバコ スターターキット(ブラッシュドシルバー Brushed Silver),,,24,,-,1,4790,1,1,26,,0,0,0,0
https://images-na.ssl-images-amazon.com/images/I/51NtL4cF8JL._SY32_.jpg,,,,B073WWXK1M,http://www.amazon.co.jp/dp/B073WWXK1M,JPMercury,Eleaf（イーリーフ）iStick Pico＋Mel3 mini 2mlアトマイザー 電子タバコ スターターキット(フルブラック Full Black),,,24,,-,1,4790,1,1,25,,0,0,0,0
https://images-na.ssl-images-amazon.com/images/I/41l3bszsMML._SY32_.jpg,,,,B01BEW2T06,http://www.amazon.co.jp/dp/B01BEW2T06,セレクトショップＨＡＮＡ,温度管理スターターキット！【Eleaf iStick TC40W＋GS TANK】 シリコンケース付き (ブラック) [並行輸入品],,,24,,ブラック,0,8500,1,1,1,,0,0,0,0
https://images-na.ssl-images-amazon.com/images/I/51d92nsobQL._SY32_.jpg,,,,B01EO9WT4W,http://www.amazon.co.jp/dp/B01EO9WT4W,セレクトショップＨＡＮＡ,E-leaf istick40 TC sub ohm battery 【正規品】 アトマイザースタンド付 (ブルー),,,24,,ブルー,0,5300,1,1,1,,0,0,0,0
https://images-na.ssl-images-amazon.com/images/I/51d92nsobQL._SY32_.jpg,,,,B01EO9WT2O,http://www.amazon.co.jp/dp/B01EO9WT2O,セレクトショップＨＡＮＡ,E-leaf istick40 TC sub ohm battery 【正規品】 アトマイザースタンド付 (ブラック),,,24,,ブラック,0,5300,1,1,1,,0,0,0,0
https://images-na.ssl-images-amazon.com/images/I/51d92nsobQL._SY32_.jpg,,,,B01EO9WT2Y,http://www.amazon.co.jp/dp/B01EO9WT2Y,セレクトショップＨＡＮＡ,E-leaf istick40 TC sub ohm battery 【正規品】 アトマイザースタンド付 (シルバー),,,24,,シルバー,0,5300,1,1,1,,0,4,0,21200
https://images-na.ssl-images-amazon.com/images/I/51d92nsobQL._SY32_.jpg,,,,B01EO9WT4M,http://www.amazon.co.jp/dp/B01EO9WT4M,セレクトショップＨＡＮＡ,E-leaf istick40 TC sub ohm battery 【正規品】 アトマイザースタンド付 (グレー),,,24,,グレー,0,5300,0,0,1,,0,0,0,0
https://images-na.ssl-images-amazon.com/images/I/51Wbdp6fOEL._SY32_.jpg,,,,B01K5ENXJU,http://www.amazon.co.jp/dp/B01K5ENXJU,錦糸町電子タバコ専売店WORLD VAPE SHOP JAPAN,Eleaf iJust S Kit Silver 電子タバコ/スターターキット/VAPE,,,24,,-,1,3980,1,1,10,,0,0,0,0
https://images-na.ssl-images-amazon.com/images/I/61vE8mA6osL._SY32_.jpg,,,,B073WXG447,http://www.amazon.co.jp/dp/B073WXG447,JPMercury,Eleaf（イーリーフ）iStick Pico 75W(アイスティック ピコ75W)バッテリー別売り　ブラック,,,24,,-,1,3880,1,1,21,,0,2,2,7760
https://images-na.ssl-images-amazon.com/images/I/51jA8kTSZ5L._SY32_.jpg,,,,B01CFGHKYU,http://www.amazon.co.jp/dp/B01CFGHKYU,セレクトショップＨＡＮＡ,Eleaf 【正規品】iStick TC40W ＋ 【0.15Ω】GSタンク ＋ アトマイザースタンド ＋ 日本語説明書 (ブルー),,,24,,ブルー,0,0,1,1,1,,0,0,0,0
https://images-na.ssl-images-amazon.com/images/I/51jA8kTSZ5L._SY32_.jpg,,,,B01CFGHKVI,http://www.amazon.co.jp/dp/B01CFGHKVI,セレクトショップＨＡＮＡ,Eleaf 【正規品】iStick TC40W ＋ 【0.15Ω】GSタンク ＋ アトマイザースタンド ＋ 日本語説明書 (シルバー),,,24,,シルバー,0,6200,0,0,1,,0,0,1,0
https://images-na.ssl-images-amazon.com/images/I/51jA8kTSZ5L._SY32_.jpg,,,,B01CFGHKZ4,http://www.amazon.co.jp/dp/B01CFGHKZ4,セレクトショップＨＡＮＡ,Eleaf 【正規品】iStick TC40W ＋ 【0.15Ω】GSタンク ＋ アトマイザースタンド ＋ 日本語説明書 (ブラック),,,24,,ブラック,0,6200,1,1,1,,0,1,1,6200
https://images-na.ssl-images-amazon.com/images/I/51aHs4OYMaL._SY32_.jpg,,,,B01DMB52N8,http://www.amazon.co.jp/dp/B01DMB52N8,Smart Smokers,Eleaf 【正規品】iJust start スターターキット (ホワイト),,,24,,ホワイト,1,3980,1,1,2,,0,0,0,0
https://images-na.ssl-images-amazon.com/images/I/51aHs4OYMaL._SY32_.jpg,,,,B06X9KNX9Q,http://www.amazon.co.jp/dp/B06X9KNX9Q,Smart Smokers,Eleaf 【正規品】iJust start スターターキット (ローズゴールド),,,24,,ローズゴールド,1,3980,1,1,1,,0,0,0,0
https://images-na.ssl-images-amazon.com/images/I/51aHs4OYMaL._SY32_.jpg,,,,B01DMB52R4,http://www.amazon.co.jp/dp/B01DMB52R4,Smart Smokers,Eleaf 【正規品】iJust start スターターキット (シルバー),,,24,,シルバー,1,3980,0,0,1,,0,1,1,3980
https://images-na.ssl-images-amazon.com/images/I/51aHs4OYMaL._SY32_.jpg,,,,B06WW1L3NY,http://www.amazon.co.jp/dp/B06WW1L3NY,Smart Smokers,Eleaf 【正規品】iJust start スターターキット (レッド),,,24,,レッド,1,3980,0,0,1,,0,1,1,3980
https://images-na.ssl-images-amazon.com/images/I/61GZbHhLG-L._SY32_.jpg,,,,B073WXKWNF,http://www.amazon.co.jp/dp/B073WXKWNF,JPMercury,Eleaf（イーリーフ）iStick Pico 25＋ELLO 2mlアトマイザー 電子タバコ スターターキット(ブラックレッド Black Red),,,24,,-,1,0,1,1,7,,0,1,1,6880
https://images-na.ssl-images-amazon.com/images/I/61eBJp2zA8L._SY32_.jpg,,,,B073WWR4QB,http://www.amazon.co.jp/dp/B073WWR4QB,JPMercury,Eleaf（イーリーフ）iStick Pico 75W(アイスティック ピコ75W)バッテリー別売り　フルブラック　Full Black,,,24,,-,1,0,1,1,13,,0,8,3,31040
https://images-na.ssl-images-amazon.com/images/I/514xHhxO29L._SY32_.jpg,,,,B012ZXRFAC,http://www.amazon.co.jp/dp/B012ZXRFAC,アクトファースト AM店,【バッテリー本体】 iStick TC 40w SUB ohm 温度管理 BOX MOD 日本語説明書付 (GRAY),,,24,,GRAY,1,0,1,1,6,,0,1,1,4900
https://images-na.ssl-images-amazon.com/images/I/514xHhxO29L._SY32_.jpg,,,,B012ZXRFQQ,http://www.amazon.co.jp/dp/B012ZXRFQQ,セレクトショップＨＡＮＡ,【バッテリー本体】 iStick TC 40w SUB ohm 温度管理 BOX MOD 日本語説明書付 (BLUE),,,24,,BLUE,0,4900,1,1,1,,0,2,1,9800
https://images-na.ssl-images-amazon.com/images/I/31IZtpFQ2tL._SY32_.jpg,,,,B01L5LAH3W,http://www.amazon.co.jp/dp/B01L5LAH3W,メイヘン　★感謝してます★ 安心・安全の返品保証付き★迅速発送致します！,【Eleaf】iStick Pico Mega＋MELO-3【VTC４電池付】[イーリーフ/アイスティックピコメガ＋MELO-3] (Silver（シルバー）),,,24,,Silver（シルバー）,1,6480,1,1,1,,0,0,0,0
https://images-na.ssl-images-amazon.com/images/I/61JW3rMbZpL._SY32_.jpg,,,,B073WW21H8,http://www.amazon.co.jp/dp/B073WW21H8,JPMercury,Eleaf（イーリーフ）iStick Pico＋Mel3 mini 2mlアトマイザー 電子タバコ スターターキット(ピンク),,,24,,-,1,4490,1,1,3,,0,2,1,9980
https://images-na.ssl-images-amazon.com/images/I/41grNC4dJCL._SY32_.jpg,,,,B073WXBLJP,http://www.amazon.co.jp/dp/B073WXBLJP,JPMercury,Eleaf（イーリーフ）iStick Pico＋Mel3 mini 2mlアトマイザー 電子タバコ スターターキット(ホワイト),,,24,,-,1,4290,1,1,8,,1,1,1,4790
https://images-na.ssl-images-amazon.com/images/I/41QZJ47ybfL._SY32_.jpg,,,,B01HZRJQCI,http://www.amazon.co.jp/dp/B01HZRJQCI,Smart Smokers,【Eleaf】正規品 MELO3/MELO3mini[イーリーフ MELO3/MELO3mini]電子タバコ アトマイザー (Melo3s Black ブラック),,,24,,Melo3sBlack ブラック,1,2980,0,0,1,,0,0,1,0
https://images-na.ssl-images-amazon.com/images/I/31zGCdeoYAL._SY32_.jpg,,,,B06Y5PV71L,http://www.amazon.co.jp/dp/B06Y5PV71L,VapeTree,【Eleaf】iStick Pico Dual [イーリーフ/ピコデュアル] (RED) 電子タバコ VAPE MOD,,,24,,RED,1,4000,1,1,1,,0,2,2,8000
https://images-na.ssl-images-amazon.com/images/I/31zGCdeoYAL._SY32_.jpg,,,,B06Y5ZR6QQ,http://www.amazon.co.jp/dp/B06Y5ZR6QQ,VapeTree,【Eleaf】iStick Pico Dual [イーリーフ/ピコデュアル] (WHITE),,,24,,WHITE,1,4000,1,1,3,,0,0,0,0
https://images-na.ssl-images-amazon.com/images/I/31zGCdeoYAL._SY32_.jpg,,,,B06XGGR435,http://www.amazon.co.jp/dp/B06XGGR435,VapeTree,【Eleaf】iStick Pico Dual [イーリーフ/ピコデュアル] 電子タバコ VAPE MOD (SILVER),,,24,,SILVER,1,4000,1,1,1,,0,0,0,0
https://images-na.ssl-images-amazon.com/images/I/41O2ClEwdpL._SY32_.jpg,,,,B01N4T4O74,http://www.amazon.co.jp/dp/B01N4T4O74,Kuberu,Eleaf ASTER RT with MELO RT 22 アトマイザーとバッテリーセット (green),,,24,,green,1,5900,2,2,1,,0,0,0,0
https://images-na.ssl-images-amazon.com/images/I/41O2ClEwdpL._SY32_.jpg,,,,B01N4T4O74,http://www.amazon.co.jp/dp/B01N4T4O74,Smart Smokers,Eleaf ASTER RT with MELO RT 22 アトマイザーとバッテリーセット (green),,,24,,green,1,5900,2,2,3,,0,0,0,0
https://images-na.ssl-images-amazon.com/images/I/41O2ClEwdpL._SY32_.jpg,,,,B01NAYBCUG,http://www.amazon.co.jp/dp/B01NAYBCUG,Smart Smokers,Eleaf ASTER RT with MELO RT 22 アトマイザーとバッテリーセット (white),,,24,,white,1,5900,2,2,3,,0,0,0,0
https://images-na.ssl-images-amazon.com/images/I/41O2ClEwdpL._SY32_.jpg,,,,B01NAYBCUG,http://www.amazon.co.jp/dp/B01NAYBCUG,Kuberu,Eleaf ASTER RT with MELO RT 22 アトマイザーとバッテリーセット (white),,,24,,white,1,5900,2,2,3,,0,0,0,0
https://images-na.ssl-images-amazon.com/images/I/41O2ClEwdpL._SY32_.jpg,,,,B01NBZX101,http://www.amazon.co.jp/dp/B01NBZX101,Kuberu,Eleaf ASTER RT with MELO RT 22 アトマイザーとバッテリーセット (grey),,,24,,grey,1,5900,2,2,2,,0,0,0,0
https://images-na.ssl-images-amazon.com/images/I/41O2ClEwdpL._SY32_.jpg,,,,B01NBZX101,http://www.amazon.co.jp/dp/B01NBZX101,Smart Smokers,Eleaf ASTER RT with MELO RT 22 アトマイザーとバッテリーセット (grey),,,24,,grey,1,5900,2,2,2,,0,0,0,0
https://images-na.ssl-images-amazon.com/images/I/41O2ClEwdpL._SY32_.jpg,,,,B01MYDBO7X,http://www.amazon.co.jp/dp/B01MYDBO7X,Smart Smokers,Eleaf ASTER RT with MELO RT 22 アトマイザーとバッテリーセット (black),,,24,,black,1,5980,1,1,4,,0,0,0,0
https://images-na.ssl-images-amazon.com/images/I/41Si2F-X3NL._SY32_.jpg,,,,B01N524OD2,http://www.amazon.co.jp/dp/B01N524OD2,メイヘン　★感謝してます★ 安心・安全の返品保証付き★迅速発送致します！,【Eleaf】 iStick Pico Mega バッテリーキット [イーリーフ/アイスティックピコメガ] 【正規品】 (Black) [並行輸入品],,,24,,Black,1,4980,1,1,1,,0,1,1,4980
https://images-fe.ssl-images-amazon.com/images/I/31eDMbaFQhL._SY32_.jpg,,,,B01E1XLWG2,http://www.amazon.co.jp/dp/B01E1XLWG2,JCT-Vapor,【Eleaf】正規品 MELO-3　[イーリーフ MELO-3]　電子タバコ アトマイザー (MELO-3),,,24,,MELO-3,1,2950,5,5,2,,0,0,0,0
https://images-fe.ssl-images-amazon.com/images/I/31eDMbaFQhL._SY32_.jpg,,,,B01E1XLWG2,http://www.amazon.co.jp/dp/B01E1XLWG2,セレクトショップＨＡＮＡ,【Eleaf】正規品 MELO-3　[イーリーフ MELO-3]　電子タバコ アトマイザー (MELO-3),,,24,,MELO-3,1,2950,5,5,2,,0,3,0,8850
https://images-na.ssl-images-amazon.com/images/I/61nTuXgzAfL._SY32_.jpg,,,,B018DVKMNW,http://www.amazon.co.jp/dp/B018DVKMNW,Kuberu,【Eleaf】温度管理機能対応アトマイザー GS-Tank Atomize + 交換用コイル5個 GS Air Atomizer TC Head セット　【kuberu限定特典】テフロンドリップチップ付き　 電子タバコ VAPE 用 【ガラス タンク】Eleaf（イーリーフ）社 正規品,,,24,,-,1,3780,1,1,6,,0,1,1,3780
https://images-na.ssl-images-amazon.com/images/I/41b67xWkX9L._SY32_.jpg,,,,B01GMWDSZI,http://www.amazon.co.jp/dp/B01GMWDSZI,メイヘン　★感謝してます★ 安心・安全の返品保証付き★迅速発送致します！,Eleaf iNano kit 【PSE ACアダプター付】アイナノキット (ゴールド Gold),,,24,,ゴールド Gold,1,2980,2,2,7,,1,2,1,6080
https://images-na.ssl-images-amazon.com/images/I/41b67xWkX9L._SY32_.jpg,,,,B01GMWDT02,http://www.amazon.co.jp/dp/B01GMWDT02,メイヘン　★感謝してます★ 安心・安全の返品保証付き★迅速発送致します！,Eleaf iNano kit 【PSE ACアダプター付】アイナノキット (ブラック Black),,,24,,ブラック Black,1,3100,2,2,2,,0,4,5,12400
https://images-na.ssl-images-amazon.com/images/I/51m-b8bWyNL._SY32_.jpg,,,,B0747NHXZW,http://www.amazon.co.jp/dp/B0747NHXZW,メイヘン　★感謝してます★ 安心・安全の返品保証付き★迅速発送致します！,Eleaf iStick PICO 25 White Black w/ ELLO,,,24,,-,1,6600,2,2,1,,0,0,1,0
https://images-na.ssl-images-amazon.com/images/I/51m-b8bWyNL._SY32_.jpg,,,,B0747NHXZW,http://www.amazon.co.jp/dp/B0747NHXZW,Tamarin (MNKYVP),Eleaf iStick PICO 25 White Black w/ ELLO,,,24,,-,0,0,2,2,0,,0,1,1,6600
https://images-na.ssl-images-amazon.com/images/I/51KdGCZDQaL._SY32_.jpg,,,,B01IPFWRWA,http://www.amazon.co.jp/dp/B01IPFWRWA,メイヘン　★感謝してます★ 安心・安全の返品保証付き★迅速発送致します！,【Eleaf】 Lemo 3 Atomizer RTAとタンクアトマイザー両機能装備,,,24,,-,0,0,0,0,0,,0,6,2,27480
https://images-na.ssl-images-amazon.com/images/I/51wBYQ5iVtL._SY32_.jpg,,,,B01ELCAUXO,http://www.amazon.co.jp/dp/B01ELCAUXO,セレクトショップＨＡＮＡ,istick40 TC Special Edition （限定カラー） sub ohm battery Eleaf 【正規品】 アトマイザースタンド付 (Wood（木目）),,,24,,Wood（木目）,0,5800,1,1,2,,0,3,0,17400
https://images-na.ssl-images-amazon.com/images/I/51wBYQ5iVtL._SY32_.jpg,,,,B01ELCAV06,http://www.amazon.co.jp/dp/B01ELCAV06,セレクトショップＨＡＮＡ,istick40 TC Special Edition （限定カラー） sub ohm battery Eleaf 【正規品】 アトマイザースタンド付 (Carbon Fibre Black（カーボンブラック）),,,24,,Carbon Fibre Black（カーボンブラック）,0,5800,1,1,1,,0,0,0,0
https://images-fe.ssl-images-amazon.com/images/I/41p72dnxz4L._SY32_.jpg,,,,B073WXCG48,http://www.amazon.co.jp/dp/B073WXCG48,JPMercury,Eleaf（イーリーフ）iStick Pico＋Mel3 mini 2mlアトマイザー 電子タバコ スターターキット(グレー),,,24,,-,1,4290,1,1,10,,0,0,0,0
https://images-na.ssl-images-amazon.com/images/I/513mW78mJBL._SY32_.jpg,,,,B073X33Q19,http://www.amazon.co.jp/dp/B073X33Q19,JPMercury,Eleaf（イーリーフ）iStick Pico 25＋ELLO 2mlアトマイザー 電子タバコ スターターキット(ホワイブラック White Black),,,24,,-,1,0,1,1,9,,0,1,0,6880
https://images-na.ssl-images-amazon.com/images/I/513ynaa9oXL._SY32_.jpg,,,,B0727N8MHT,http://www.amazon.co.jp/dp/B0727N8MHT,セレクトショップＨＡＮＡ,【Eleaf】【新色】【電池付】iStick Pico＋MELO3mini[イーリーフ/アイスティックピコ＋MELO3ミニ] (Wood Grain),,,24,,Wood Grain,0,7980,2,1,1,,0,1,1,7980
https://images-na.ssl-images-amazon.com/images/I/51m-b8bWyNL._SY32_.jpg,,,,B073PBLVT5,http://www.amazon.co.jp/dp/B073PBLVT5,Tamarin (MNKYVP),Eleaf iStick PICO 25 Silver Black w/ ELLO,,,24,,-,0,0,0,0,0,,0,3,2,19920
https://images-na.ssl-images-amazon.com/images/I/91fz8tf0ECL._SY32_.jpg,,,,B01BEV94UK,http://www.amazon.co.jp/dp/B01BEV94UK,セレクトショップＨＡＮＡ,温度管理スターターキット！【Eleaf iStick TC40W＋GS TANK】 シリコンケース付き (シルバー),,,24,,-,0,8500,1,1,2,,0,0,0,0
https://images-na.ssl-images-amazon.com/images/I/41Fy%2BNTdkdL._SY32_.jpg,,,,B074ZP3SQ1,http://www.amazon.co.jp/dp/B074ZP3SQ1,魔法の店,Eleaf istick 100W モードのみ（本物の簡易パック） (黒),,,24,,黒,1,1999,1,1,10,,0,0,0,0
https://images-na.ssl-images-amazon.com/images/I/51uAgwo7-UL._SY32_.jpg,,,,B073WWN6JD,http://www.amazon.co.jp/dp/B073WWN6JD,JPMercury,Eleaf（イーリーフ）iStick Pico＋Mel3 mini 2mlアトマイザー 電子タバコ スターターキット(ブラックブロンズ Black Bronze),,,24,,-,1,4290,1,1,5,,0,0,0,0
https://images-fe.ssl-images-amazon.com/images/I/41p72dnxz4L._SY32_.jpg,,,,B073WWWP3M,http://www.amazon.co.jp/dp/B073WWWP3M,JPMercury,Eleaf（イーリーフ）iStick Pico 25＋ELLO 2mlアトマイザー 電子タバコ スターターキット(ホワイトグリーン White Green),,,24,,-,1,6380,1,1,9,,0,0,0,0
https://images-fe.ssl-images-amazon.com/images/I/41p72dnxz4L._SY32_.jpg,,,,B073WX8Y25,http://www.amazon.co.jp/dp/B073WX8Y25,JPMercury,Eleaf（イーリーフ）iStick Pico＋Mel3 mini 2mlアトマイザー 電子タバコ スターターキット(シルバー),,,24,,-,1,4690,1,1,8,,0,1,0,4990
https://images-na.ssl-images-amazon.com/images/I/61Zm8%2BuOW6L._SY32_.jpg,,,,B073WX4S2Z,http://www.amazon.co.jp/dp/B073WX4S2Z,JPMercury,Eleaf（イーリーフ）iStick Pico 25＋ELLO 2mlアトマイザー 電子タバコ スターターキット(ブルーホワイト Blue White),,,24,,-,1,6380,1,1,10,,0,0,0,0
https://images-na.ssl-images-amazon.com/images/I/514xHhxO29L._SY32_.jpg,,,,B018RDOT12,http://www.amazon.co.jp/dp/B018RDOT12,セレクトショップＨＡＮＡ,Eleaf iStick TC 40W 2600mAh MODバッテリー ブラック,,,24,,-,0,5500,2,1,1,,0,2,0,11000
https://images-na.ssl-images-amazon.com/images/I/3123G5QQCrL._SY32_.jpg,,,,B06ZXRN94S,http://www.amazon.co.jp/dp/B06ZXRN94S,アクトファースト AM店,Eleaf iCare Solo イーリーフ アイケア ソロ スターターキット 小型電子タバコ【日本語説明書付】レッド,,,24,,レッド,1,0,2,2,17,,0,0,0,0
https://images-na.ssl-images-amazon.com/images/I/3123G5QQCrL._SY32_.jpg,,,,B071XXPJH2,http://www.amazon.co.jp/dp/B071XXPJH2,アクトファースト AM店,Eleaf iCare Solo イーリーフ アイケア ソロ スターターキット 小型電子タバコ【日本語説明書付】ホワイト,,,24,,ホワイト,1,2980,1,1,15,,0,1,1,2980
https://images-na.ssl-images-amazon.com/images/I/3123G5QQCrL._SY32_.jpg,,,,B071XNJV76,http://www.amazon.co.jp/dp/B071XNJV76,アクトファースト AM店,Eleaf iCare Solo イーリーフ アイケア ソロ スターターキット 小型電子タバコ【日本語説明書付】ゴールド,,,24,,ゴールド,1,0,1,1,16,,0,1,1,2980
https://images-na.ssl-images-amazon.com/images/I/51ZGBcDUvTL._SY32_.jpg,,,,B01IR8LOQA,http://www.amazon.co.jp/dp/B01IR8LOQA,錦糸町電子タバコ専売店WORLD VAPE SHOP JAPAN,《超得セット》Eleaf/iStick PICO 限定版KIT NAVYモデル (Stainless Steel)INR18650-25Rバッテリー or VCT4&WVSアトマイザースタンド1PCS&Vethos Design dropper bottelセット (アイスティックピコs海軍-NAVY-s Stainless Steel),,,24,,海軍-NAVY-sStainless Steel,1,8980,1,1,9,,0,0,0,0
https://images-na.ssl-images-amazon.com/images/I/51Bgs0Biv2L._SY32_.jpg,,,,B072BLX8GC,http://www.amazon.co.jp/dp/B072BLX8GC,メイヘン　★感謝してます★ 安心・安全の返品保証付き★迅速発送致します！,【Eleaf】iStick QC 200W with MELO 300[イーリーフ/QC200+Melo300] (Silver),,,24,,Silver,1,9980,2,2,2,,0,0,1,0
https://images-na.ssl-images-amazon.com/images/I/51Bgs0Biv2L._SY32_.jpg,,,,B072BLX8GC,http://www.amazon.co.jp/dp/B072BLX8GC,Smart Smokers,【Eleaf】iStick QC 200W with MELO 300[イーリーフ/QC200+Melo300] (Silver),,,24,,Silver,1,9980,2,2,4,,0,0,0,0
https://images-na.ssl-images-amazon.com/images/I/51Bgs0Biv2L._SY32_.jpg,,,,B072BLWZTX,http://www.amazon.co.jp/dp/B072BLWZTX,Smart Smokers,【Eleaf】iStick QC 200W with MELO 300[イーリーフ/QC200+Melo300] (Black),,,24,,Black,1,9980,2,2,5,,0,0,0,0
https://images-na.ssl-images-amazon.com/images/I/31hBCnpMU1L._SY32_.jpg,,,,B01FBS13RE,http://www.amazon.co.jp/dp/B01FBS13RE,メイヘン　★感謝してます★ 安心・安全の返品保証付き★迅速発送致します！,Eleaf 【正規品】iStick Pico Battery kit 【sony vtc4 電池付き】バッテリー75W (whiteホワイト),,,24,,whiteホワイト,1,5180,3,3,1,,0,2,2,10360
https://images-na.ssl-images-amazon.com/images/I/31hBCnpMU1L._SY32_.jpg,,,,B01FBS13RE,http://www.amazon.co.jp/dp/B01FBS13RE,キラネットショップ,Eleaf 【正規品】iStick Pico Battery kit 【sony vtc4 電池付き】バッテリー75W (whiteホワイト),,,24,,whiteホワイト,1,5180,3,3,2,,0,2,1,10360
https://images-na.ssl-images-amazon.com/images/I/31hBCnpMU1L._SY32_.jpg,,,,B01FBS13S8,http://www.amazon.co.jp/dp/B01FBS13S8,メイヘン　★感謝してます★ 安心・安全の返品保証付き★迅速発送致します！,Eleaf 【正規品】iStick Pico Battery kit 【sony vtc4 電池付き】バッテリー75W (silverシルバー),,,24,,silverシルバー,1,5500,5,3,1,,0,0,0,0
https://images-na.ssl-images-amazon.com/images/I/31hBCnpMU1L._SY32_.jpg,,,,B01FBS13S8,http://www.amazon.co.jp/dp/B01FBS13S8,キラネットショップ,Eleaf 【正規品】iStick Pico Battery kit 【sony vtc4 電池付き】バッテリー75W (silverシルバー),,,24,,silverシルバー,1,5500,5,3,5,,0,0,0,0
https://images-na.ssl-images-amazon.com/images/I/31hBCnpMU1L._SY32_.jpg,,,,B01FBS13RY,http://www.amazon.co.jp/dp/B01FBS13RY,キラネットショップ,Eleaf 【正規品】iStick Pico Battery kit 【sony vtc4 電池付き】バッテリー75W (hot pinkホットピンク),,,24,,hot pinkホットピンク,1,0,2,2,3,,0,1,1,5500
https://images-na.ssl-images-amazon.com/images/I/31hBCnpMU1L._SY32_.jpg,,,,B01FBS13TW,http://www.amazon.co.jp/dp/B01FBS13TW,メイヘン　★感謝してます★ 安心・安全の返品保証付き★迅速発送致します！,Eleaf 【正規品】iStick Pico Battery kit 【sony vtc4 電池付き】バッテリー75W (greyグレー),,,24,,greyグレー,1,5180,5,3,1,,0,2,2,10360
https://images-na.ssl-images-amazon.com/images/I/31hBCnpMU1L._SY32_.jpg,,,,B01FBS13TW,http://www.amazon.co.jp/dp/B01FBS13TW,キラネットショップ,Eleaf 【正規品】iStick Pico Battery kit 【sony vtc4 電池付き】バッテリー75W (greyグレー),,,24,,greyグレー,1,5180,5,3,5,,0,0,2,0
https://images-na.ssl-images-amazon.com/images/I/31hBCnpMU1L._SY32_.jpg,,,,B01GZBWC5S,http://www.amazon.co.jp/dp/B01GZBWC5S,メイヘン　★感謝してます★ 安心・安全の返品保証付き★迅速発送致します！,Eleaf 【正規品】iStick Pico Battery kit 【sony vtc4 電池付き】バッテリー75W (full blackフルブラック),,,24,,full blackフルブラック,1,5499,3,3,2,,0,0,2,0
https://images-na.ssl-images-amazon.com/images/I/31hBCnpMU1L._SY32_.jpg,,,,B01GZBWC5S,http://www.amazon.co.jp/dp/B01GZBWC5S,キラネットショップ,Eleaf 【正規品】iStick Pico Battery kit 【sony vtc4 電池付き】バッテリー75W (full blackフルブラック),,,24,,full blackフルブラック,1,5499,3,3,2,,0,1,1,5499
https://images-na.ssl-images-amazon.com/images/I/31hBCnpMU1L._SY32_.jpg,,,,B01GZBWC5I,http://www.amazon.co.jp/dp/B01GZBWC5I,メイヘン　★感謝してます★ 安心・安全の返品保証付き★迅速発送致します！,Eleaf 【正規品】iStick Pico Battery kit 【sony vtc4 電池付き】バッテリー75W (brushed silverブラッシュドシルバー),,,24,,brushed silverブラッシュドシルバー,0,0,2,2,0,,1,1,2,0
https://images-na.ssl-images-amazon.com/images/I/31hBCnpMU1L._SY32_.jpg,,,,B01GZBWC5I,http://www.amazon.co.jp/dp/B01GZBWC5I,キラネットショップ,Eleaf 【正規品】iStick Pico Battery kit 【sony vtc4 電池付き】バッテリー75W (brushed silverブラッシュドシルバー),,,24,,brushed silverブラッシュドシルバー,1,5280,3,3,1,,0,2,3,10560
,,,,B06XPCY148,http://www.amazon.co.jp/dp/B06XPCY148,Kuberu,,,,24,,-,1,6980,1,1,2,,0,1,1,6980
,,,,B01GZRR2JI,http://www.amazon.co.jp/dp/B01GZRR2JI,Kuberu,,,,24,,-,1,6980,1,1,5,,0,0,0,0
,,,,B06XPCP5J4,http://www.amazon.co.jp/dp/B06XPCP5J4,Kuberu,,,,24,,-,1,6980,1,1,1,,0,2,1,13960
https://images-na.ssl-images-amazon.com/images/I/517G1TwKVmL._SY32_.jpg,,,,B01DW81D5M,http://www.amazon.co.jp/dp/B01DW81D5M,Kuberu,【Eleaf】 iStick PICO 75W & MELO3 mini ホワイト セット 【kuberu限定特典】ACアダプター + vapeバンド+温度管理対応コイル　温度管理機能対応 BOX MOD 電子タバコ VAPE （正規輸入品）,,,24,,ホワイト,1,6980,1,1,2,,0,1,1,6980
https://images-na.ssl-images-amazon.com/images/I/517G1TwKVmL._SY32_.jpg,,,,B01DW81C2Q,http://www.amazon.co.jp/dp/B01DW81C2Q,Kuberu,【Eleaf】 iStick PICO 75W & MELO3 mini ピンク セット 【kuberu限定特典】ACアダプター + vapeバンド+温度管理対応コイル　温度管理機能対応 BOX MOD 電子タバコ VAPE （正規輸入品）,,,24,,ピンク,1,6980,1,1,1,,0,1,0,6980
https://images-na.ssl-images-amazon.com/images/I/517G1TwKVmL._SY32_.jpg,,,,B01DW81AUA,http://www.amazon.co.jp/dp/B01DW81AUA,Kuberu,【Eleaf】 iStick PICO 75W & MELO3 mini シルバー セット 【kuberu限定特典】ACアダプター + vapeバンド+温度管理対応コイル　温度管理機能対応 BOX MOD 電子タバコ VAPE （正規輸入品）,,,24,,シルバー,1,6980,1,1,3,,0,0,0,0
https://images-na.ssl-images-amazon.com/images/I/517G1TwKVmL._SY32_.jpg,,,,B01DW81D2A,http://www.amazon.co.jp/dp/B01DW81D2A,Kuberu,【Eleaf】 iStick PICO 75W & MELO3 mini グレー セット 【kuberu限定特典】ACアダプター + vapeバンド+温度管理対応コイル　温度管理機能対応 BOX MOD 電子タバコ VAPE （正規輸入品）,,,24,,グレー,1,6980,1,1,2,,0,0,0,0
https://images-na.ssl-images-amazon.com/images/I/31pS-4Jc0QL._SY32_.jpg,,,,B06XYJZ2DT,http://www.amazon.co.jp/dp/B06XYJZ2DT,アクトファースト AM店,Eleaf iCare 110 イーリーフ アイケア 110 スターターキット 小型電子タバコ【日本語説明書付】ホワイト,,,24,,ホワイト,1,2980,1,1,5,,0,4,3,11920
https://images-na.ssl-images-amazon.com/images/I/31pS-4Jc0QL._SY32_.jpg,,,,B06XY4RHDV,http://www.amazon.co.jp/dp/B06XY4RHDV,アクトファースト AM店,Eleaf iCare 110 イーリーフ アイケア 110 スターターキット 小型電子タバコ【日本語説明書付】シルバー,,,24,,シルバー,1,2980,1,1,17,,0,6,6,17880
https://images-na.ssl-images-amazon.com/images/I/51YhBwDFuyL._SY32_.jpg,,,,B01JHGBBCI,http://www.amazon.co.jp/dp/B01JHGBBCI,Smart Smokers,【Eleaf】iPower バッテリー[イーリーフ/アイパワー] 5000mAh (Whiteホワイト),,,24,,Whiteホワイト,1,4550,1,1,4,,0,0,0,0
https://images-na.ssl-images-amazon.com/images/I/51YhBwDFuyL._SY32_.jpg,,,,B01JHGBAS8,http://www.amazon.co.jp/dp/B01JHGBAS8,Smart Smokers,【Eleaf】iPower バッテリー[イーリーフ/アイパワー] 5000mAh (Greyグレー),,,24,,Greyグレー,1,0,1,1,2,,0,1,1,4850
https://images-na.ssl-images-amazon.com/images/I/51YhBwDFuyL._SY32_.jpg,,,,B01JHGBBB4,http://www.amazon.co.jp/dp/B01JHGBBB4,Kuberu,【Eleaf】iPower バッテリー[イーリーフ/アイパワー] 5000mAh (Brushed Silverシルバー),,,24,,Brushed Silverシルバー,1,4950,2,2,1,,0,2,0,10100
https://images-na.ssl-images-amazon.com/images/I/51YhBwDFuyL._SY32_.jpg,,,,B01JHGBBB4,http://www.amazon.co.jp/dp/B01JHGBBB4,Smart Smokers,【Eleaf】iPower バッテリー[イーリーフ/アイパワー] 5000mAh (Brushed Silverシルバー),,,24,,Brushed Silverシルバー,1,5000,2,2,2,,0,0,0,0
https://images-na.ssl-images-amazon.com/images/I/31W7Z3eBVJL._SY32_.jpg,,,,B01GQ849BK,http://www.amazon.co.jp/dp/B01GQ849BK,JCT-Vapor,Eleaf　iStick Pico用　シリコンケース (black×green　ブラック×グリーン),,,24,,black×green　ブラック×グリーン,1,650,6,6,9,,0,0,3,0
https://images-na.ssl-images-amazon.com/images/I/31W7Z3eBVJL._SY32_.jpg,,,,B01GQ849BK,http://www.amazon.co.jp/dp/B01GQ849BK,セレクトショップＨＡＮＡ,Eleaf　iStick Pico用　シリコンケース (black×green　ブラック×グリーン),,,24,,black×green　ブラック×グリーン,1,650,6,6,8,,0,0,1,0
https://images-na.ssl-images-amazon.com/images/I/31W7Z3eBVJL._SY32_.jpg,,,,B01GQ849BK,http://www.amazon.co.jp/dp/B01GQ849BK,キラネットショップ,Eleaf　iStick Pico用　シリコンケース (black×green　ブラック×グリーン),,,24,,black×green　ブラック×グリーン,1,650,6,6,9,,0,5,8,3330
https://images-na.ssl-images-amazon.com/images/I/31W7Z3eBVJL._SY32_.jpg,,,,B01GQ849BK,http://www.amazon.co.jp/dp/B01GQ849BK,Smart Smokers,Eleaf　iStick Pico用　シリコンケース (black×green　ブラック×グリーン),,,24,,black×green　ブラック×グリーン,1,650,6,6,5,,0,1,3,650
https://images-na.ssl-images-amazon.com/images/I/31W7Z3eBVJL._SY32_.jpg,,,,B01GQ849BK,http://www.amazon.co.jp/dp/B01GQ849BK,Ryoma888,Eleaf　iStick Pico用　シリコンケース (black×green　ブラック×グリーン),,,24,,black×green　ブラック×グリーン,0,0,6,6,0,,0,2,3,1300
https://images-na.ssl-images-amazon.com/images/I/31W7Z3eBVJL._SY32_.jpg,,,,B01FXLC4Y0,http://www.amazon.co.jp/dp/B01FXLC4Y0,JCT-Vapor,Eleaf　iStick Pico用　シリコンケース (blackブラック),,,24,,blackブラック,1,700,4,4,12,,1,4,4,2800
https://images-na.ssl-images-amazon.com/images/I/31W7Z3eBVJL._SY32_.jpg,,,,B01FXLC4Y0,http://www.amazon.co.jp/dp/B01FXLC4Y0,セレクトショップＨＡＮＡ,Eleaf　iStick Pico用　シリコンケース (blackブラック),,,24,,blackブラック,1,700,4,4,4,,0,6,4,4200
https://images-na.ssl-images-amazon.com/images/I/31W7Z3eBVJL._SY32_.jpg,,,,B01FXLC4Y0,http://www.amazon.co.jp/dp/B01FXLC4Y0,キラネットショップ,Eleaf　iStick Pico用　シリコンケース (blackブラック),,,24,,blackブラック,1,700,4,4,12,,1,3,10,2100
https://images-na.ssl-images-amazon.com/images/I/31W7Z3eBVJL._SY32_.jpg,,,,B01FXLC4Y0,http://www.amazon.co.jp/dp/B01FXLC4Y0,Smart Smokers,Eleaf　iStick Pico用　シリコンケース (blackブラック),,,24,,blackブラック,0,0,4,4,0,,0,4,4,2800
https://images-na.ssl-images-amazon.com/images/I/31W7Z3eBVJL._SY32_.jpg,,,,B01FXLC4XG,http://www.amazon.co.jp/dp/B01FXLC4XG,JCT-Vapor,Eleaf　iStick Pico用　シリコンケース (whiteホワイト),,,24,,whiteホワイト,1,680,5,5,6,,0,3,4,2040
https://images-na.ssl-images-amazon.com/images/I/31W7Z3eBVJL._SY32_.jpg,,,,B01FXLC4XG,http://www.amazon.co.jp/dp/B01FXLC4XG,セレクトショップＨＡＮＡ,Eleaf　iStick Pico用　シリコンケース (whiteホワイト),,,24,,whiteホワイト,1,680,5,5,5,,0,4,7,2740
https://images-na.ssl-images-amazon.com/images/I/31W7Z3eBVJL._SY32_.jpg,,,,B01FXLC4XG,http://www.amazon.co.jp/dp/B01FXLC4XG,キラネットショップ,Eleaf　iStick Pico用　シリコンケース (whiteホワイト),,,24,,whiteホワイト,1,680,5,5,14,,0,3,9,2080
https://images-na.ssl-images-amazon.com/images/I/51C2bBE0UaL._SY32_.jpg,,,,B072XBX6GC,http://www.amazon.co.jp/dp/B072XBX6GC,Kuberu,【Eleaf】 MELO 3 アトマイザー WoodGrain （ iStick PICO 対応アトマイザー )　4ml タンク　電子タバコ VAPE　ガラス タンク　【Kuberu限定特典】　vapeband付き,,,24,,WoodGrain,1,3180,0,0,11,,0,2,1,6360
https://images-na.ssl-images-amazon.com/images/I/51C2bBE0UaL._SY32_.jpg,,,,B072XF6C35,http://www.amazon.co.jp/dp/B072XF6C35,Kuberu,【Eleaf】 MELO 3 アトマイザー RedCrackle （ iStick PICO 対応アトマイザー )　4ml タンク　電子タバコ VAPE　ガラス タンク　【Kuberu限定特典】　vapeband付き,,,24,,RedCrackle,1,0,1,1,6,,0,2,2,6360
https://images-na.ssl-images-amazon.com/images/I/51C2bBE0UaL._SY32_.jpg,,,,B072XFTNC3,http://www.amazon.co.jp/dp/B072XFTNC3,Kuberu,【Eleaf】 MELO 3 アトマイザー Dazzling （ iStick PICO 対応アトマイザー )　4ml タンク　電子タバコ VAPE　ガラス タンク　【Kuberu限定特典】　vapeband付き,,,24,,Dazzling,1,3180,1,1,5,,0,4,2,12720
https://images-na.ssl-images-amazon.com/images/I/51C2bBE0UaL._SY32_.jpg,,,,B072XCKDPL,http://www.amazon.co.jp/dp/B072XCKDPL,Kuberu,【Eleaf】 MELO 3 アトマイザー BrushedBlackSilver （ iStick PICO 対応アトマイザー )　4ml タンク　電子タバコ VAPE　ガラス タンク　【Kuberu限定特典】　vapeband付き,,,24,,BrushedBlackSilver,1,3180,1,1,8,,0,2,2,6360
https://images-na.ssl-images-amazon.com/images/I/51C2bBE0UaL._SY32_.jpg,,,,B01HHLX8CG,http://www.amazon.co.jp/dp/B01HHLX8CG,Kuberu,【Eleaf】 MELO 3 アトマイザー　シルバー （ iStick PICO 対応アトマイザー )　4ml タンク　電子タバコ VAPE　ガラス タンク　【Kuberu限定特典】　vapeband付き,,,24,,シルバー,1,3180,1,1,11,,0,5,2,15900
https://images-na.ssl-images-amazon.com/images/I/31Ek2GhcJWL._SY32_.jpg,,,,B0742ZW3XP,http://www.amazon.co.jp/dp/B0742ZW3XP,KURAGE　SHOP,【電池付き】Eleaf iStick Pico 25 with ELLO[イーリーフ/アイスティックピコ25＋エロー] (White Greenery ホワイトグリーナリー),,,24,,White Greenery ホワイトグリーナリー,1,7980,2,2,9,,0,1,0,7980
https://images-na.ssl-images-amazon.com/images/I/31Ek2GhcJWL._SY32_.jpg,,,,B0742ZW3XP,http://www.amazon.co.jp/dp/B0742ZW3XP,Smart Smokers,【電池付き】Eleaf iStick Pico 25 with ELLO[イーリーフ/アイスティックピコ25＋エロー] (White Greenery ホワイトグリーナリー),,,24,,White Greenery ホワイトグリーナリー,1,7980,2,2,2,,0,0,0,0
https://images-na.ssl-images-amazon.com/images/I/31Ek2GhcJWL._SY32_.jpg,,,,B074DS7CPK,http://www.amazon.co.jp/dp/B074DS7CPK,KURAGE　SHOP,【電池付き】Eleaf iStick Pico 25 with ELLO[イーリーフ/アイスティックピコ25＋エロー] (White Black ホワイトブラック),,,24,,White Black ホワイトブラック,1,7980,2,2,9,,0,1,1,7980
https://images-na.ssl-images-amazon.com/images/I/31Ek2GhcJWL._SY32_.jpg,,,,B074DS7CPK,http://www.amazon.co.jp/dp/B074DS7CPK,Smart Smokers,【電池付き】Eleaf iStick Pico 25 with ELLO[イーリーフ/アイスティックピコ25＋エロー] (White Black ホワイトブラック),,,24,,White Black ホワイトブラック,1,7980,2,2,5,,0,0,0,0
https://images-na.ssl-images-amazon.com/images/I/31Ek2GhcJWL._SY32_.jpg,,,,B07436BS3J,http://www.amazon.co.jp/dp/B07436BS3J,KURAGE　SHOP,【電池付き】Eleaf iStick Pico 25 with ELLO[イーリーフ/アイスティックピコ25＋エロー] (Full Black フルブラック),,,24,,Full Black フルブラック,0,0,0,0,0,,0,2,1,15960
https://images-na.ssl-images-amazon.com/images/I/31Ek2GhcJWL._SY32_.jpg,,,,B07436BS3J,http://www.amazon.co.jp/dp/B07436BS3J,Smart Smokers,【電池付き】Eleaf iStick Pico 25 with ELLO[イーリーフ/アイスティックピコ25＋エロー] (Full Black フルブラック),,,24,,Full Black フルブラック,0,7980,0,0,5,,0,1,1,7980
https://images-na.ssl-images-amazon.com/images/I/31Ek2GhcJWL._SY32_.jpg,,,,B07435XYT9,http://www.amazon.co.jp/dp/B07435XYT9,KURAGE　SHOP,【電池付き】Eleaf iStick Pico 25 with ELLO[イーリーフ/アイスティックピコ25＋エロー] (Blue White ブルーホワイト),,,24,,Blue White ブルーホワイト,1,7980,2,2,7,,0,0,0,0
https://images-na.ssl-images-amazon.com/images/I/31Ek2GhcJWL._SY32_.jpg,,,,B07435XYT9,http://www.amazon.co.jp/dp/B07435XYT9,Smart Smokers,【電池付き】Eleaf iStick Pico 25 with ELLO[イーリーフ/アイスティックピコ25＋エロー] (Blue White ブルーホワイト),,,24,,Blue White ブルーホワイト,1,7980,2,2,5,,0,0,0,0
https://images-na.ssl-images-amazon.com/images/I/31Ek2GhcJWL._SY32_.jpg,,,,B07437S8QB,http://www.amazon.co.jp/dp/B07437S8QB,KURAGE　SHOP,【電池付き】Eleaf iStick Pico 25 with ELLO[イーリーフ/アイスティックピコ25＋エロー] (Silver Black シルバーブラック),,,24,,Silver Black シルバーブラック,0,0,1,1,0,,0,5,3,39900
https://images-na.ssl-images-amazon.com/images/I/31Ek2GhcJWL._SY32_.jpg,,,,B07437S8QB,http://www.amazon.co.jp/dp/B07437S8QB,Smart Smokers,【電池付き】Eleaf iStick Pico 25 with ELLO[イーリーフ/アイスティックピコ25＋エロー] (Silver Black シルバーブラック),,,24,,Silver Black シルバーブラック,1,7980,1,1,1,,1,3,3,23940
https://images-na.ssl-images-amazon.com/images/I/41PP6vYSOxL._SY32_.jpg,,,,B018WST6WE,http://www.amazon.co.jp/dp/B018WST6WE,max-shop,Eleaf 【正規品】iStick TC 40W＋【0.15Ω】GSタンク　バッテリーとアトマイザーのセット (ブルー),,,24,,ブルー,1,5440,5,5,5,,0,0,0,0
https://images-na.ssl-images-amazon.com/images/I/41PP6vYSOxL._SY32_.jpg,,,,B018WST6WE,http://www.amazon.co.jp/dp/B018WST6WE,《リミットエイト》★迅速発送・安心取引・誠実対応★確かな商品をお届け致します【信頼の専門店】,Eleaf 【正規品】iStick TC 40W＋【0.15Ω】GSタンク　バッテリーとアトマイザーのセット (ブルー),,,24,,ブルー,1,5440,5,5,12,,0,0,0,0
https://images-na.ssl-images-amazon.com/images/I/41PP6vYSOxL._SY32_.jpg,,,,B018WST6WE,http://www.amazon.co.jp/dp/B018WST6WE,セレクトショップＨＡＮＡ,Eleaf 【正規品】iStick TC 40W＋【0.15Ω】GSタンク　バッテリーとアトマイザーのセット (ブルー),,,24,,ブルー,0,0,5,5,2,,0,1,2,5440
https://images-na.ssl-images-amazon.com/images/I/41PP6vYSOxL._SY32_.jpg,,,,B018WST6WE,http://www.amazon.co.jp/dp/B018WST6WE,メイヘン　★感謝してます★ 安心・安全の返品保証付き★迅速発送致します！,Eleaf 【正規品】iStick TC 40W＋【0.15Ω】GSタンク　バッテリーとアトマイザーのセット (ブルー),,,24,,ブルー,1,5440,5,5,1,,0,0,2,0
https://images-na.ssl-images-amazon.com/images/I/41PP6vYSOxL._SY32_.jpg,,,,B018WST6WE,http://www.amazon.co.jp/dp/B018WST6WE,キラネットショップ,Eleaf 【正規品】iStick TC 40W＋【0.15Ω】GSタンク　バッテリーとアトマイザーのセット (ブルー),,,24,,ブルー,1,5440,5,5,5,,0,0,2,0
https://images-na.ssl-images-amazon.com/images/I/41PP6vYSOxL._SY32_.jpg,,,,B013W2ADJ0,http://www.amazon.co.jp/dp/B013W2ADJ0,セレクトショップＨＡＮＡ,Eleaf 【正規品】iStick TC 40W＋【0.15Ω】GSタンク　バッテリーとアトマイザーのセット (ブラック),,,24,,ブラック,0,5400,10,10,2,,0,1,2,0
https://images-na.ssl-images-amazon.com/images/I/41PP6vYSOxL._SY32_.jpg,,,,B013W2ADJ0,http://www.amazon.co.jp/dp/B013W2ADJ0,ＪＭＳ,Eleaf 【正規品】iStick TC 40W＋【0.15Ω】GSタンク　バッテリーとアトマイザーのセット (ブラック),,,24,,ブラック,1,5400,10,10,5,,0,0,1,0
https://images-na.ssl-images-amazon.com/images/I/41PP6vYSOxL._SY32_.jpg,,,,B013W2ADJ0,http://www.amazon.co.jp/dp/B013W2ADJ0,《リミットエイト》★迅速発送・安心取引・誠実対応★確かな商品をお届け致します【信頼の専門店】,Eleaf 【正規品】iStick TC 40W＋【0.15Ω】GSタンク　バッテリーとアトマイザーのセット (ブラック),,,24,,ブラック,1,0,10,10,12,,0,0,0,0
https://images-na.ssl-images-amazon.com/images/I/41PP6vYSOxL._SY32_.jpg,,,,B013W2ADJ0,http://www.amazon.co.jp/dp/B013W2ADJ0,Argama netshop,Eleaf 【正規品】iStick TC 40W＋【0.15Ω】GSタンク　バッテリーとアトマイザーのセット (ブラック),,,24,,ブラック,1,5400,10,10,3,,0,0,1,0
https://images-na.ssl-images-amazon.com/images/I/41PP6vYSOxL._SY32_.jpg,,,,B013W2ADJ0,http://www.amazon.co.jp/dp/B013W2ADJ0,メイヘン　★感謝してます★ 安心・安全の返品保証付き★迅速発送致します！,Eleaf 【正規品】iStick TC 40W＋【0.15Ω】GSタンク　バッテリーとアトマイザーのセット (ブラック),,,24,,ブラック,1,5400,10,10,1,,0,0,2,0
https://images-na.ssl-images-amazon.com/images/I/41PP6vYSOxL._SY32_.jpg,,,,B013W2ADJ0,http://www.amazon.co.jp/dp/B013W2ADJ0,max-shop,Eleaf 【正規品】iStick TC 40W＋【0.15Ω】GSタンク　バッテリーとアトマイザーのセット (ブラック),,,24,,ブラック,1,5400,10,10,17,,0,0,1,0
https://images-na.ssl-images-amazon.com/images/I/41PP6vYSOxL._SY32_.jpg,,,,B013W2ADJ0,http://www.amazon.co.jp/dp/B013W2ADJ0,オーグ・インターナショナル,Eleaf 【正規品】iStick TC 40W＋【0.15Ω】GSタンク　バッテリーとアトマイザーのセット (ブラック),,,24,,ブラック,1,5400,10,10,3,,0,0,2,0
https://images-na.ssl-images-amazon.com/images/I/41PP6vYSOxL._SY32_.jpg,,,,B013W2ADJ0,http://www.amazon.co.jp/dp/B013W2ADJ0,JCT-Vapor,Eleaf 【正規品】iStick TC 40W＋【0.15Ω】GSタンク　バッテリーとアトマイザーのセット (ブラック),,,24,,ブラック,1,5400,10,10,2,,0,0,1,0
https://images-na.ssl-images-amazon.com/images/I/41PP6vYSOxL._SY32_.jpg,,,,B013W2ADJ0,http://www.amazon.co.jp/dp/B013W2ADJ0,uptrife,Eleaf 【正規品】iStick TC 40W＋【0.15Ω】GSタンク　バッテリーとアトマイザーのセット (ブラック),,,24,,ブラック,1,5400,10,10,5,,0,0,3,0
https://images-na.ssl-images-amazon.com/images/I/41PP6vYSOxL._SY32_.jpg,,,,B013W2ADJ0,http://www.amazon.co.jp/dp/B013W2ADJ0,キラネットショップ,Eleaf 【正規品】iStick TC 40W＋【0.15Ω】GSタンク　バッテリーとアトマイザーのセット (ブラック),,,24,,ブラック,1,5400,10,10,4,,1,1,2,5400
https://images-na.ssl-images-amazon.com/images/I/41PP6vYSOxL._SY32_.jpg,,,,B018WST6WY,http://www.amazon.co.jp/dp/B018WST6WY,Argama netshop,Eleaf 【正規品】iStick TC 40W＋【0.15Ω】GSタンク　バッテリーとアトマイザーのセット (グレー),,,24,,グレー,1,5600,6,6,1,,0,0,0,0
https://images-na.ssl-images-amazon.com/images/I/41PP6vYSOxL._SY32_.jpg,,,,B018WST6WY,http://www.amazon.co.jp/dp/B018WST6WY,キラネットショップ,Eleaf 【正規品】iStick TC 40W＋【0.15Ω】GSタンク　バッテリーとアトマイザーのセット (グレー),,,24,,グレー,1,5600,6,6,6,,0,0,3,0
https://images-na.ssl-images-amazon.com/images/I/41PP6vYSOxL._SY32_.jpg,,,,B018WST6WY,http://www.amazon.co.jp/dp/B018WST6WY,Global Pocket,Eleaf 【正規品】iStick TC 40W＋【0.15Ω】GSタンク　バッテリーとアトマイザーのセット (グレー),,,24,,グレー,1,5600,6,6,1,,0,0,0,0
https://images-na.ssl-images-amazon.com/images/I/41PP6vYSOxL._SY32_.jpg,,,,B018WST6WY,http://www.amazon.co.jp/dp/B018WST6WY,max-shop,Eleaf 【正規品】iStick TC 40W＋【0.15Ω】GSタンク　バッテリーとアトマイザーのセット (グレー),,,24,,グレー,1,5600,6,6,5,,0,0,0,0
https://images-na.ssl-images-amazon.com/images/I/41PP6vYSOxL._SY32_.jpg,,,,B018WST6WY,http://www.amazon.co.jp/dp/B018WST6WY,ＪＭＳ,Eleaf 【正規品】iStick TC 40W＋【0.15Ω】GSタンク　バッテリーとアトマイザーのセット (グレー),,,24,,グレー,1,5600,6,6,5,,0,0,0,0
https://images-na.ssl-images-amazon.com/images/I/41PP6vYSOxL._SY32_.jpg,,,,B018WST6WY,http://www.amazon.co.jp/dp/B018WST6WY,《リミットエイト》★迅速発送・安心取引・誠実対応★確かな商品をお届け致します【信頼の専門店】,Eleaf 【正規品】iStick TC 40W＋【0.15Ω】GSタンク　バッテリーとアトマイザーのセット (グレー),,,24,,グレー,1,5600,6,6,13,,0,0,0,0
https://images-na.ssl-images-amazon.com/images/I/31F1SUDb6lL._SY32_.jpg,,,,B01MU75KCU,http://www.amazon.co.jp/dp/B01MU75KCU,アクセシア,Eleaf iCare イーリーフ Mini PCC 超 小型 電子タバコ スターターキット 正規品 シアン,,,24,,iCare Mini PCC スターターキットsシアン,1,2370,3,3,2,,0,0,0,0
https://images-na.ssl-images-amazon.com/images/I/31F1SUDb6lL._SY32_.jpg,,,,B01MU75KCU,http://www.amazon.co.jp/dp/B01MU75KCU,魔法の店,Eleaf iCare イーリーフ Mini PCC 超 小型 電子タバコ スターターキット 正規品 シアン,,,24,,iCare Mini PCC スターターキットsシアン,1,2370,3,3,2,,0,0,0,0
https://images-na.ssl-images-amazon.com/images/I/31F1SUDb6lL._SY32_.jpg,,,,B01MU75KCU,http://www.amazon.co.jp/dp/B01MU75KCU,アドバンスショップ,Eleaf iCare イーリーフ Mini PCC 超 小型 電子タバコ スターターキット 正規品 シアン,,,24,,iCare Mini PCC スターターキットsシアン,0,0,3,3,-1,,0,0,0,0
https://images-na.ssl-images-amazon.com/images/I/31F1SUDb6lL._SY32_.jpg,,,,B01N5LY5N4,http://www.amazon.co.jp/dp/B01N5LY5N4,魔法の店,Eleaf iCare イーリーフ Mini PCC 超 小型 電子タバコ スターターキット 正規品 レッド,,,24,,iCare Mini PCC スターターキットsレッド,1,2480,3,3,5,,0,1,0,2480
https://images-na.ssl-images-amazon.com/images/I/31F1SUDb6lL._SY32_.jpg,,,,B01N5LY5N4,http://www.amazon.co.jp/dp/B01N5LY5N4,eREC,Eleaf iCare イーリーフ Mini PCC 超 小型 電子タバコ スターターキット 正規品 レッド,,,24,,iCare Mini PCC スターターキットsレッド,0,3980,3,3,6,,0,0,2,0
https://images-na.ssl-images-amazon.com/images/I/31F1SUDb6lL._SY32_.jpg,,,,B01N1YTZ6Q,http://www.amazon.co.jp/dp/B01N1YTZ6Q,魔法の店,Eleaf iCare イーリーフ Mini PCC 超 小型 電子タバコ スターターキット 正規品 ホワイト,,,24,,iCare Mini PCC スターターキットsホワイト,1,2490,3,3,7,,0,0,0,0
https://images-na.ssl-images-amazon.com/images/I/31F1SUDb6lL._SY32_.jpg,,,,B01N1YTZ6Q,http://www.amazon.co.jp/dp/B01N1YTZ6Q,メイヘン　★感謝してます★ 安心・安全の返品保証付き★迅速発送致します！,Eleaf iCare イーリーフ Mini PCC 超 小型 電子タバコ スターターキット 正規品 ホワイト,,,24,,iCare Mini PCC スターターキットsホワイト,1,2490,3,3,1,,0,2,1,5380
https://images-na.ssl-images-amazon.com/images/I/31F1SUDb6lL._SY32_.jpg,,,,B01MR2J7RE,http://www.amazon.co.jp/dp/B01MR2J7RE,アドバンスショップ,Eleaf iCare イーリーフ Mini PCC 超 小型 電子タバコ スターターキット 正規品 ゴールド,,,24,,iCare Mini PCC スターターキットsゴールド,1,2480,2,2,1,,0,1,1,2480
,,,,B06Y57YPJD,http://www.amazon.co.jp/dp/B06Y57YPJD,セレクトショップＨＡＮＡ,,,,24,,-,0,6980,1,1,10,,0,4,4,27920
https://images-na.ssl-images-amazon.com/images/I/41nngps2iML._SY32_.jpg,,,,B06Y5PNXGW,http://www.amazon.co.jp/dp/B06Y5PNXGW,セレクトショップＨＡＮＡ,iStick Pico＋MELO3 mini kit スタータキット 【日本語説明書sVTC4電池sMURASAMEリキッドs温度管理コイルsVAPEバンド付】 (Hot pink),,,24,,Hot pink,0,6980,1,1,9,,0,6,2,41880
https://images-na.ssl-images-amazon.com/images/I/41nngps2iML._SY32_.jpg,,,,B06Y5HW71Y,http://www.amazon.co.jp/dp/B06Y5HW71Y,セレクトショップＨＡＮＡ,iStick Pico＋MELO3 mini kit スタータキット 【日本語説明書sVTC4電池sMURASAMEリキッドs温度管理コイルsVAPEバンド付】 (Brushed silver),,,24,,Brushed silver,0,6980,1,1,8,,1,2,3,13960
https://images-na.ssl-images-amazon.com/images/I/41nngps2iML._SY32_.jpg,,,,B06Y5L9WP1,http://www.amazon.co.jp/dp/B06Y5L9WP1,セレクトショップＨＡＮＡ,iStick Pico＋MELO3 mini kit スタータキット 【日本語説明書sVTC4電池sMURASAMEリキッドs温度管理コイルsVAPEバンド付】 (BLACK／BRONZE),,,24,,BLACK／BRONZE,0,6980,1,1,10,,0,14,4,83760
https://images-na.ssl-images-amazon.com/images/I/41nngps2iML._SY32_.jpg,,,,B071ZHVVPW,http://www.amazon.co.jp/dp/B071ZHVVPW,セレクトショップＨＡＮＡ,iStick Pico＋MELO3 mini kit スタータキット 【日本語説明書sVTC4電池sMURASAMEリキッドs温度管理コイルsVAPEバンド付】 (Wood),,,24,,Wood,0,7980,1,1,7,,0,3,3,23940
https://images-na.ssl-images-amazon.com/images/I/41nngps2iML._SY32_.jpg,,,,B06Y57WNP1,http://www.amazon.co.jp/dp/B06Y57WNP1,セレクトショップＨＡＮＡ,iStick Pico＋MELO3 mini kit スタータキット 【日本語説明書sVTC4電池sMURASAMEリキッドs温度管理コイルsVAPEバンド付】 (BLACK),,,24,,BLACK,0,6980,1,1,10,,0,20,10,139600
https://images-na.ssl-images-amazon.com/images/I/41nngps2iML._SY32_.jpg,,,,B06Y5H631H,http://www.amazon.co.jp/dp/B06Y5H631H,セレクトショップＨＡＮＡ,iStick Pico＋MELO3 mini kit スタータキット 【日本語説明書sVTC4電池sMURASAMEリキッドs温度管理コイルsVAPEバンド付】 (Grey),,,24,,Grey,0,6980,1,1,8,,0,4,3,27920
,,,,B06Y5HMVTR,http://www.amazon.co.jp/dp/B06Y5HMVTR,セレクトショップＨＡＮＡ,,,,24,,-,0,6980,1,1,10,,0,2,2,13960
https://images-na.ssl-images-amazon.com/images/I/31pZD4g4R0L._SY32_.jpg,,,,B01MQNVNRM,http://www.amazon.co.jp/dp/B01MQNVNRM,JCT-Vapor,Eleaf 【正規品】iStick Pico＋MELO3mini kit【sony vtc4電池付】(フルブラック),,,24,,フルブラック,1,5980,3,3,2,,0,1,1,5980
https://images-na.ssl-images-amazon.com/images/I/31pZD4g4R0L._SY32_.jpg,,,,B01MQNVNRM,http://www.amazon.co.jp/dp/B01MQNVNRM,セレクトショップＨＡＮＡ,Eleaf 【正規品】iStick Pico＋MELO3mini kit【sony vtc4電池付】(フルブラック),,,24,,フルブラック,1,5980,3,3,1,,0,1,1,5980
https://images-na.ssl-images-amazon.com/images/I/31pZD4g4R0L._SY32_.jpg,,,,B01MQNVNRM,http://www.amazon.co.jp/dp/B01MQNVNRM,キラネットショップ,Eleaf 【正規品】iStick Pico＋MELO3mini kit【sony vtc4電池付】(フルブラック),,,24,,フルブラック,1,5980,3,3,13,,0,2,5,11960
https://images-na.ssl-images-amazon.com/images/I/31pZD4g4R0L._SY32_.jpg,,,,B01MTSDGKL,http://www.amazon.co.jp/dp/B01MTSDGKL,DONIKA SELECT アマゾン店,Eleaf 【正規品】iStick Pico＋MELO3mini kit【sony vtc4電池付】(ブラック),,,24,,黒,1,5980,5,5,1,,0,0,3,0
https://images-na.ssl-images-amazon.com/images/I/31pZD4g4R0L._SY32_.jpg,,,,B01MTSDGKL,http://www.amazon.co.jp/dp/B01MTSDGKL,JCT-Vapor,Eleaf 【正規品】iStick Pico＋MELO3mini kit【sony vtc4電池付】(ブラック),,,24,,黒,1,5930,5,5,4,,0,1,3,5930
https://images-na.ssl-images-amazon.com/images/I/31pZD4g4R0L._SY32_.jpg,,,,B01MTSDGKL,http://www.amazon.co.jp/dp/B01MTSDGKL,セレクトショップＨＡＮＡ,Eleaf 【正規品】iStick Pico＋MELO3mini kit【sony vtc4電池付】(ブラック),,,24,,黒,1,5930,5,5,5,,0,0,3,0
https://images-na.ssl-images-amazon.com/images/I/31pZD4g4R0L._SY32_.jpg,,,,B01MTSDGKL,http://www.amazon.co.jp/dp/B01MTSDGKL,キラネットショップ,Eleaf 【正規品】iStick Pico＋MELO3mini kit【sony vtc4電池付】(ブラック),,,24,,黒,1,5930,5,5,6,,0,4,6,23720
https://images-na.ssl-images-amazon.com/images/I/31pZD4g4R0L._SY32_.jpg,,,,B01DZ23KJM,http://www.amazon.co.jp/dp/B01DZ23KJM,錦糸町電子タバコ専売店WORLD VAPE SHOP JAPAN,Eleaf 【正規品】iStick Pico＋MELO3mini kit【sony vtc4電池付】(ホワイト),,,24,,白,1,5580,7,6,10,,0,2,1,5580
https://images-na.ssl-images-amazon.com/images/I/31pZD4g4R0L._SY32_.jpg,,,,B01DZ23KJM,http://www.amazon.co.jp/dp/B01DZ23KJM,DONIKA SELECT アマゾン店,Eleaf 【正規品】iStick Pico＋MELO3mini kit【sony vtc4電池付】(ホワイト),,,24,,白,1,5980,7,6,4,,0,0,2,0
https://images-na.ssl-images-amazon.com/images/I/31pZD4g4R0L._SY32_.jpg,,,,B01DZ23KJM,http://www.amazon.co.jp/dp/B01DZ23KJM,JCT-Vapor,Eleaf 【正規品】iStick Pico＋MELO3mini kit【sony vtc4電池付】(ホワイト),,,24,,白,1,5580,7,6,2,,1,2,2,11160
https://images-na.ssl-images-amazon.com/images/I/31pZD4g4R0L._SY32_.jpg,,,,B01DZ23KJM,http://www.amazon.co.jp/dp/B01DZ23KJM,セレクトショップＨＡＮＡ,Eleaf 【正規品】iStick Pico＋MELO3mini kit【sony vtc4電池付】(ホワイト),,,24,,白,1,5580,7,6,2,,0,2,2,11160
https://images-na.ssl-images-amazon.com/images/I/31pZD4g4R0L._SY32_.jpg,,,,B01DZ23KJM,http://www.amazon.co.jp/dp/B01DZ23KJM,キラネットショップ,Eleaf 【正規品】iStick Pico＋MELO3mini kit【sony vtc4電池付】(ホワイト),,,24,,白,1,5580,7,6,6,,0,5,8,27900
https://images-na.ssl-images-amazon.com/images/I/31pZD4g4R0L._SY32_.jpg,,,,B01DZ23KLU,http://www.amazon.co.jp/dp/B01DZ23KLU,錦糸町電子タバコ専売店WORLD VAPE SHOP JAPAN,Eleaf 【正規品】iStick Pico＋MELO3mini kit【sony vtc4電池付】(グレー),,,24,,グレー,1,5980,7,6,6,,1,1,1,5980
https://images-na.ssl-images-amazon.com/images/I/31pZD4g4R0L._SY32_.jpg,,,,B01DZ23KLU,http://www.amazon.co.jp/dp/B01DZ23KLU,DONIKA SELECT アマゾン店,Eleaf 【正規品】iStick Pico＋MELO3mini kit【sony vtc4電池付】(グレー),,,24,,グレー,1,5980,7,6,4,,0,0,1,0
https://images-na.ssl-images-amazon.com/images/I/31pZD4g4R0L._SY32_.jpg,,,,B01DZ23KLU,http://www.amazon.co.jp/dp/B01DZ23KLU,JCT-Vapor,Eleaf 【正規品】iStick Pico＋MELO3mini kit【sony vtc4電池付】(グレー),,,24,,グレー,1,5980,7,6,3,,0,0,1,0
https://images-na.ssl-images-amazon.com/images/I/31pZD4g4R0L._SY32_.jpg,,,,B01DZ23KLU,http://www.amazon.co.jp/dp/B01DZ23KLU,セレクトショップＨＡＮＡ,Eleaf 【正規品】iStick Pico＋MELO3mini kit【sony vtc4電池付】(グレー),,,24,,グレー,1,5980,7,6,3,,1,1,1,5980
https://images-na.ssl-images-amazon.com/images/I/31pZD4g4R0L._SY32_.jpg,,,,B01DZ23KLU,http://www.amazon.co.jp/dp/B01DZ23KLU,キラネットショップ,Eleaf 【正規品】iStick Pico＋MELO3mini kit【sony vtc4電池付】(グレー),,,24,,グレー,1,5980,7,6,12,,0,0,3,0
https://images-na.ssl-images-amazon.com/images/I/31pZD4g4R0L._SY32_.jpg,,,,B01MQNVS64,http://www.amazon.co.jp/dp/B01MQNVS64,錦糸町電子タバコ専売店WORLD VAPE SHOP JAPAN,Eleaf 【正規品】iStick Pico＋MELO3mini kit【sony vtc4電池付】(シルバー),,,24,,SILVER,1,5800,3,3,12,,0,1,2,5800
https://images-na.ssl-images-amazon.com/images/I/31pZD4g4R0L._SY32_.jpg,,,,B01MQNVS64,http://www.amazon.co.jp/dp/B01MQNVS64,JCT-Vapor,Eleaf 【正規品】iStick Pico＋MELO3mini kit【sony vtc4電池付】(シルバー),,,24,,SILVER,0,0,3,3,0,,0,2,2,11600
https://images-na.ssl-images-amazon.com/images/I/31pZD4g4R0L._SY32_.jpg,,,,B01MQNVS64,http://www.amazon.co.jp/dp/B01MQNVS64,セレクトショップＨＡＮＡ,Eleaf 【正規品】iStick Pico＋MELO3mini kit【sony vtc4電池付】(シルバー),,,24,,SILVER,1,5800,3,3,4,,0,3,5,17400
https://images-na.ssl-images-amazon.com/images/I/31pZD4g4R0L._SY32_.jpg,,,,B01MQNVS64,http://www.amazon.co.jp/dp/B01MQNVS64,キラネットショップ,Eleaf 【正規品】iStick Pico＋MELO3mini kit【sony vtc4電池付】(シルバー),,,24,,SILVER,1,5800,3,3,7,,0,5,5,29000
https://images-na.ssl-images-amazon.com/images/I/51aLXh0VsGL._SY32_.jpg,,,,B01MFBHDGX,http://www.amazon.co.jp/dp/B01MFBHDGX,max-shop,【Eleaf 】iStick Power Nano Kit [イーリーフ /アイスティックパワーナノキット] (Whiteホワイト),,,24,,Whiteホワイト,1,5480,2,2,3,,0,0,0,0
https://images-na.ssl-images-amazon.com/images/I/51aLXh0VsGL._SY32_.jpg,,,,B01MFBHDGX,http://www.amazon.co.jp/dp/B01MFBHDGX,Smart Smokers,【Eleaf 】iStick Power Nano Kit [イーリーフ /アイスティックパワーナノキット] (Whiteホワイト),,,24,,Whiteホワイト,1,5480,2,2,2,,0,0,0,0
https://images-na.ssl-images-amazon.com/images/I/51aLXh0VsGL._SY32_.jpg,,,,B01M7TEJT9,http://www.amazon.co.jp/dp/B01M7TEJT9,max-shop,【Eleaf 】iStick Power Nano Kit [イーリーフ /アイスティックパワーナノキット] (Greyグレー),,,24,,Greyグレー,1,5440,2,2,3,,0,0,0,0
https://images-na.ssl-images-amazon.com/images/I/51aLXh0VsGL._SY32_.jpg,,,,B01M7TEJT9,http://www.amazon.co.jp/dp/B01M7TEJT9,Smart Smokers,【Eleaf 】iStick Power Nano Kit [イーリーフ /アイスティックパワーナノキット] (Greyグレー),,,24,,Greyグレー,1,5440,2,2,2,,0,0,0,0
https://images-na.ssl-images-amazon.com/images/I/51aLXh0VsGL._SY32_.jpg,,,,B01MDQ24U8,http://www.amazon.co.jp/dp/B01MDQ24U8,Global Pocket,【Eleaf 】iStick Power Nano Kit [イーリーフ /アイスティックパワーナノキット] (BrushedSilverシルバー),,,24,,BrushedSilverシルバー,1,5390,4,4,1,,0,0,0,0
https://images-na.ssl-images-amazon.com/images/I/51aLXh0VsGL._SY32_.jpg,,,,B01MDQ24U8,http://www.amazon.co.jp/dp/B01MDQ24U8,max-shop,【Eleaf 】iStick Power Nano Kit [イーリーフ /アイスティックパワーナノキット] (BrushedSilverシルバー),,,24,,BrushedSilverシルバー,1,0,4,4,6,,0,0,0,0
https://images-na.ssl-images-amazon.com/images/I/51aLXh0VsGL._SY32_.jpg,,,,B01MDQ24U8,http://www.amazon.co.jp/dp/B01MDQ24U8,アクセシア,【Eleaf 】iStick Power Nano Kit [イーリーフ /アイスティックパワーナノキット] (BrushedSilverシルバー),,,24,,BrushedSilverシルバー,1,5390,4,4,2,,0,0,0,0
https://images-na.ssl-images-amazon.com/images/I/51aLXh0VsGL._SY32_.jpg,,,,B01MDQ24U8,http://www.amazon.co.jp/dp/B01MDQ24U8,Smart Smokers,【Eleaf 】iStick Power Nano Kit [イーリーフ /アイスティックパワーナノキット] (BrushedSilverシルバー),,,24,,BrushedSilverシルバー,1,5390,4,4,1,,0,0,0,0
https://images-na.ssl-images-amazon.com/images/I/51aLXh0VsGL._SY32_.jpg,,,,B01M7TEJ68,http://www.amazon.co.jp/dp/B01M7TEJ68,max-shop,【Eleaf 】iStick Power Nano Kit [イーリーフ /アイスティックパワーナノキット] (Bronzeブロンズ),,,24,,Bronzeブロンズ,1,5349,4,4,6,,0,0,0,0
https://images-na.ssl-images-amazon.com/images/I/51aLXh0VsGL._SY32_.jpg,,,,B01M7TEJ68,http://www.amazon.co.jp/dp/B01M7TEJ68,アクセシア,【Eleaf 】iStick Power Nano Kit [イーリーフ /アイスティックパワーナノキット] (Bronzeブロンズ),,,24,,Bronzeブロンズ,1,5349,4,4,3,,0,0,0,0
https://images-na.ssl-images-amazon.com/images/I/51aLXh0VsGL._SY32_.jpg,,,,B01M7TEJ68,http://www.amazon.co.jp/dp/B01M7TEJ68,メイヘン　★感謝してます★ 安心・安全の返品保証付き★迅速発送致します！,【Eleaf 】iStick Power Nano Kit [イーリーフ /アイスティックパワーナノキット] (Bronzeブロンズ),,,24,,Bronzeブロンズ,1,5349,4,4,1,,0,0,2,0
https://images-na.ssl-images-amazon.com/images/I/51aLXh0VsGL._SY32_.jpg,,,,B01M7TEJ68,http://www.amazon.co.jp/dp/B01M7TEJ68,Smart Smokers,【Eleaf 】iStick Power Nano Kit [イーリーフ /アイスティックパワーナノキット] (Bronzeブロンズ),,,24,,Bronzeブロンズ,1,5349,4,4,4,,0,0,0,0
https://images-na.ssl-images-amazon.com/images/I/61awD7XyxRL._SY32_.jpg,,,,B073WXHNYG,http://www.amazon.co.jp/dp/B073WXHNYG,JPMercury,Eleaf（イーリーフ）iStick Pico 25＋ELLO 2mlアトマイザー 電子タバコ スターターキット(フルブラック Full Black),,,24,,-,1,6880,1,1,14,,2,14,4,96320
,,,,B06XSL5FX3,http://www.amazon.co.jp/dp/B06XSL5FX3,あかるいかてい,,,,24,,-,1,9540,2,2,9,,0,0,0,0
,,,,B06XSL5FX3,http://www.amazon.co.jp/dp/B06XSL5FX3,魔法の店,,,,24,,-,1,8990,2,2,1,,1,1,0,0
https://images-na.ssl-images-amazon.com/images/I/41%2BWaPWxWcL._SY32_.jpg,,,,B073R6RCS3,http://www.amazon.co.jp/dp/B073R6RCS3,キラネットショップ,電子タバコ VAPE 電子タバコおすすめ　Eleaf イーリーフ「iStick PICO & MELO3 Mini SET」 温度制御機能付き 中級者、上級者向け BOX型 超高性能 スターターキット (ホワイトブロンズ),,,24,,ホワイトブロンズ,1,4980,1,1,8,,0,15,8,64830
https://images-na.ssl-images-amazon.com/images/I/51Sj9zuvDJL._SY32_.jpg,,,,B072XBN9Z1,http://www.amazon.co.jp/dp/B072XBN9Z1,Kuberu,【Eleaf】 MELO 3 mini アトマイザー　WoodGrain （ iStick PICO 純正アトマイザー ) 2ml タンク　電子タバコ VAPE　ガラス タンク　【Kuberu限定特典】　vapeband付き,,,24,,WoodGrain,1,3180,1,1,9,,2,4,2,12720
https://images-na.ssl-images-amazon.com/images/I/51Sj9zuvDJL._SY32_.jpg,,,,B072XBCTJL,http://www.amazon.co.jp/dp/B072XBCTJL,Kuberu,【Eleaf】 MELO 3 mini アトマイザー　RedCrackle （ iStick PICO 純正アトマイザー ) 2ml タンク　電子タバコ VAPE　ガラス タンク　【Kuberu限定特典】　vapeband付き,,,24,,RedCrackle,1,3180,1,1,18,,1,1,1,3180
https://images-na.ssl-images-amazon.com/images/I/51Sj9zuvDJL._SY32_.jpg,,,,B072XCYKJN,http://www.amazon.co.jp/dp/B072XCYKJN,Kuberu,【Eleaf】 MELO 3 mini アトマイザー　Dazzling （ iStick PICO 純正アトマイザー ) 2ml タンク　電子タバコ VAPE　ガラス タンク　【Kuberu限定特典】　vapeband付き,,,24,,Dazzling,1,3180,1,1,14,,0,3,1,6360
https://images-na.ssl-images-amazon.com/images/I/51Sj9zuvDJL._SY32_.jpg,,,,B072XF6C34,http://www.amazon.co.jp/dp/B072XF6C34,Kuberu,【Eleaf】 MELO 3 mini アトマイザー　BrushedGunmetal （ iStick PICO 純正アトマイザー ) 2ml タンク　電子タバコ VAPE　ガラス タンク　【Kuberu限定特典】　vapeband付き,,,24,,BrushedGunmetal,1,3180,1,1,11,,0,2,1,6360
https://images-na.ssl-images-amazon.com/images/I/51Sj9zuvDJL._SY32_.jpg,,,,B072XFYKHN,http://www.amazon.co.jp/dp/B072XFYKHN,Kuberu,【Eleaf】 MELO 3 mini アトマイザー　BrushedBlackSilver （ iStick PICO 純正アトマイザー ) 2ml タンク　電子タバコ VAPE　ガラス タンク　【Kuberu限定特典】　vapeband付き,,,24,,BrushedBlackSilver,1,3180,1,1,4,,0,3,1,9540
https://images-na.ssl-images-amazon.com/images/I/51Sj9zuvDJL._SY32_.jpg,,,,B01HHLX5Z6,http://www.amazon.co.jp/dp/B01HHLX5Z6,Kuberu,【Eleaf】 MELO 3 mini アトマイザー　ブラック （ iStick PICO 純正アトマイザー ) 2ml タンク　電子タバコ VAPE　ガラス タンク　【Kuberu限定特典】　vapeband付き,,,24,,ブラック,1,0,2,2,-1,,0,0,2,0
https://images-na.ssl-images-amazon.com/images/I/61XmsQd%2B5bL._SY32_.jpg,,,,B073WWTK8P,http://www.amazon.co.jp/dp/B073WWTK8P,JPMercury,Eleaf（イーリーフ）iStick Pico 25＋ELLO 2mlアトマイザー 電子タバコ スターターキット(シルバーブラック Silver Black),,,24,,-,1,6880,1,1,23,,1,6,3,41280
https://images-na.ssl-images-amazon.com/images/I/31p-AOrndnL._SY32_.jpg,,,,B01N0RE45Z,http://www.amazon.co.jp/dp/B01N0RE45Z,錦糸町電子タバコ専売店WORLD VAPE SHOP JAPAN,Eleaf（イーリーフ） Aster （アスター）MOD SONY VTC4付き (WHITE),,,24,,WHITE,1,5980,2,2,3,,0,1,1,5980
https://images-na.ssl-images-amazon.com/images/I/31p-AOrndnL._SY32_.jpg,,,,B01N0RE45Z,http://www.amazon.co.jp/dp/B01N0RE45Z,キラネットショップ,Eleaf（イーリーフ） Aster （アスター）MOD SONY VTC4付き (WHITE),,,24,,WHITE,1,5980,2,2,7,,0,1,2,5980
https://images-na.ssl-images-amazon.com/images/I/31p-AOrndnL._SY32_.jpg,,,,B01LRSMQGO,http://www.amazon.co.jp/dp/B01LRSMQGO,錦糸町電子タバコ専売店WORLD VAPE SHOP JAPAN,Eleaf（イーリーフ） Aster （アスター）MOD SONY VTC4付き (BLACK),,,24,,BLACK,1,5980,2,2,6,,0,1,1,5980
https://images-na.ssl-images-amazon.com/images/I/31p-AOrndnL._SY32_.jpg,,,,B01LRSMQGO,http://www.amazon.co.jp/dp/B01LRSMQGO,キラネットショップ,Eleaf（イーリーフ） Aster （アスター）MOD SONY VTC4付き (BLACK),,,24,,BLACK,1,5980,2,2,7,,0,6,6,29900
https://images-fe.ssl-images-amazon.com/images/I/31eDMbaFQhL._SY32_.jpg,,,,B018CCATHQ,http://www.amazon.co.jp/dp/B018CCATHQ,ショップ9687 愛知県公安委員会許可　第５４２６１１１０１７００号,Eleaf 【正規品】EC TC Head5個パック/温度管理MELO2sMELOsiJust2対応/ (Ti/0.5Ω),,,24,,Ti/0.5Ω,0,1380,11,9,-1,,0,0,10,0
https://images-fe.ssl-images-amazon.com/images/I/31eDMbaFQhL._SY32_.jpg,,,,B018CCATHQ,http://www.amazon.co.jp/dp/B018CCATHQ,Smart Smokers,Eleaf 【正規品】EC TC Head5個パック/温度管理MELO2sMELOsiJust2対応/ (Ti/0.5Ω),,,24,,Ti/0.5Ω,1,1380,11,9,12,,1,5,2,6900
https://images-fe.ssl-images-amazon.com/images/I/31eDMbaFQhL._SY32_.jpg,,,,B018CCATHQ,http://www.amazon.co.jp/dp/B018CCATHQ,オーグ・インターナショナル,Eleaf 【正規品】EC TC Head5個パック/温度管理MELO2sMELOsiJust2対応/ (Ti/0.5Ω),,,24,,Ti/0.5Ω,1,1380,11,9,10,,0,16,9,22080
https://images-fe.ssl-images-amazon.com/images/I/31eDMbaFQhL._SY32_.jpg,,,,B018CCATHQ,http://www.amazon.co.jp/dp/B018CCATHQ,ベストバイ☆国内発送,Eleaf 【正規品】EC TC Head5個パック/温度管理MELO2sMELOsiJust2対応/ (Ti/0.5Ω),,,24,,Ti/0.5Ω,0,0,11,9,0,,0,4,2,5520
https://images-fe.ssl-images-amazon.com/images/I/31eDMbaFQhL._SY32_.jpg,,,,B018CCATHQ,http://www.amazon.co.jp/dp/B018CCATHQ,キラネットショップ,Eleaf 【正規品】EC TC Head5個パック/温度管理MELO2sMELOsiJust2対応/ (Ti/0.5Ω),,,24,,Ti/0.5Ω,1,1380,11,9,17,,0,11,9,15180
https://images-fe.ssl-images-amazon.com/images/I/31eDMbaFQhL._SY32_.jpg,,,,B018CCATHQ,http://www.amazon.co.jp/dp/B018CCATHQ,ecショップジャパン,Eleaf 【正規品】EC TC Head5個パック/温度管理MELO2sMELOsiJust2対応/ (Ti/0.5Ω),,,24,,Ti/0.5Ω,0,0,11,9,0,,0,0,2,0
https://images-fe.ssl-images-amazon.com/images/I/31eDMbaFQhL._SY32_.jpg,,,,B018CCATHQ,http://www.amazon.co.jp/dp/B018CCATHQ,DONIKA SELECT アマゾン店,Eleaf 【正規品】EC TC Head5個パック/温度管理MELO2sMELOsiJust2対応/ (Ti/0.5Ω),,,24,,Ti/0.5Ω,1,1380,11,9,-1,,0,0,2,0
https://images-fe.ssl-images-amazon.com/images/I/31eDMbaFQhL._SY32_.jpg,,,,B018CCATHQ,http://www.amazon.co.jp/dp/B018CCATHQ,JCT-Vapor,Eleaf 【正規品】EC TC Head5個パック/温度管理MELO2sMELOsiJust2対応/ (Ti/0.5Ω),,,24,,Ti/0.5Ω,1,1380,11,9,9,,1,2,2,2760
https://images-fe.ssl-images-amazon.com/images/I/31eDMbaFQhL._SY32_.jpg,,,,B018CCATHQ,http://www.amazon.co.jp/dp/B018CCATHQ,セレクトショップＨＡＮＡ,Eleaf 【正規品】EC TC Head5個パック/温度管理MELO2sMELOsiJust2対応/ (Ti/0.5Ω),,,24,,Ti/0.5Ω,1,1380,11,9,8,,0,20,9,24840
https://images-fe.ssl-images-amazon.com/images/I/31eDMbaFQhL._SY32_.jpg,,,,B018CCATHQ,http://www.amazon.co.jp/dp/B018CCATHQ,uptrife,Eleaf 【正規品】EC TC Head5個パック/温度管理MELO2sMELOsiJust2対応/ (Ti/0.5Ω),,,24,,Ti/0.5Ω,1,1380,11,9,22,,1,8,13,11040
https://images-na.ssl-images-amazon.com/images/I/410BAg7arDL._SY32_.jpg,,,,B019VZAALS,http://www.amazon.co.jp/dp/B019VZAALS,max-shop,Eleaf 【正規品】iStick basic アトマイザー内蔵2300mAhバッテリー (ブルーblue),,,24,,ブルーblue,1,3975,6,6,6,,0,0,1,0
https://images-na.ssl-images-amazon.com/images/I/410BAg7arDL._SY32_.jpg,,,,B019VZAALS,http://www.amazon.co.jp/dp/B019VZAALS,ＪＭＳ,Eleaf 【正規品】iStick basic アトマイザー内蔵2300mAhバッテリー (ブルーblue),,,24,,ブルーblue,1,3979,6,6,2,,0,0,1,0
https://images-na.ssl-images-amazon.com/images/I/410BAg7arDL._SY32_.jpg,,,,B019VZAALS,http://www.amazon.co.jp/dp/B019VZAALS,アクセシア,Eleaf 【正規品】iStick basic アトマイザー内蔵2300mAhバッテリー (ブルーblue),,,24,,ブルーblue,1,3975,6,6,2,,0,0,1,0
https://images-na.ssl-images-amazon.com/images/I/410BAg7arDL._SY32_.jpg,,,,B019VZAALS,http://www.amazon.co.jp/dp/B019VZAALS,キラネットショップ,Eleaf 【正規品】iStick basic アトマイザー内蔵2300mAhバッテリー (ブルーblue),,,24,,ブルーblue,1,3975,6,6,2,,0,3,6,11937
https://images-na.ssl-images-amazon.com/images/I/410BAg7arDL._SY32_.jpg,,,,B019VZAALS,http://www.amazon.co.jp/dp/B019VZAALS,Smart Smokers,Eleaf 【正規品】iStick basic アトマイザー内蔵2300mAhバッテリー (ブルーblue),,,24,,ブルーblue,1,3979,6,6,3,,0,1,1,3979
,,,,B019VZAAMM,http://www.amazon.co.jp/dp/B019VZAAMM,max-shop,,,,24,,-,1,3899,7,7,1,,0,1,1,0
,,,,B019VZAAMM,http://www.amazon.co.jp/dp/B019VZAAMM,ＪＭＳ,,,,24,,-,1,3899,7,7,9,,0,0,2,0
,,,,B019VZAAMM,http://www.amazon.co.jp/dp/B019VZAAMM,アクセシア,,,,24,,-,1,3899,7,7,1,,0,2,1,0
,,,,B019VZAAMM,http://www.amazon.co.jp/dp/B019VZAAMM,uptrife,,,,24,,-,1,3899,7,7,4,,0,0,2,0
,,,,B019VZAAMM,http://www.amazon.co.jp/dp/B019VZAAMM,キラネットショップ,,,,24,,-,1,3899,7,7,3,,0,1,5,3899
,,,,B019VZAAIQ,http://www.amazon.co.jp/dp/B019VZAAIQ,max-shop,,,,24,,-,1,0,6,6,1,,2,2,2,7960
,,,,B019VZAAIQ,http://www.amazon.co.jp/dp/B019VZAAIQ,Argama netshop,,,,24,,-,1,3980,6,6,2,,0,0,3,0
,,,,B019VZAAIQ,http://www.amazon.co.jp/dp/B019VZAAIQ,ＪＭＳ,,,,24,,-,1,3980,6,6,2,,0,0,3,0
,,,,B019VZAAIQ,http://www.amazon.co.jp/dp/B019VZAAIQ,キラネットショップ,,,,24,,-,0,0,5,5,0,,1,4,5,11940
,,,,B019VZAAIQ,http://www.amazon.co.jp/dp/B019VZAAIQ,Smart Smokers,,,,24,,-,1,3980,6,6,1,,1,1,3,3980
https://images-na.ssl-images-amazon.com/images/I/410BAg7arDL._SY32_.jpg,,,,B019VZAAKO,http://www.amazon.co.jp/dp/B019VZAAKO,max-shop,Eleaf 【正規品】iStick basic アトマイザー内蔵2300mAhバッテリー (シルバーsilver),,,24,,シルバーsilver,1,3980,6,6,5,,0,1,2,3980
https://images-na.ssl-images-amazon.com/images/I/410BAg7arDL._SY32_.jpg,,,,B019VZAAKO,http://www.amazon.co.jp/dp/B019VZAAKO,ＪＭＳ,Eleaf 【正規品】iStick basic アトマイザー内蔵2300mAhバッテリー (シルバーsilver),,,24,,シルバーsilver,1,3980,6,6,5,,0,0,2,0
https://images-na.ssl-images-amazon.com/images/I/410BAg7arDL._SY32_.jpg,,,,B019VZAAKO,http://www.amazon.co.jp/dp/B019VZAAKO,uptrife,Eleaf 【正規品】iStick basic アトマイザー内蔵2300mAhバッテリー (シルバーsilver),,,24,,シルバーsilver,1,3980,6,6,4,,0,1,3,3980
https://images-na.ssl-images-amazon.com/images/I/410BAg7arDL._SY32_.jpg,,,,B019VZAAKO,http://www.amazon.co.jp/dp/B019VZAAKO,キラネットショップ,Eleaf 【正規品】iStick basic アトマイザー内蔵2300mAhバッテリー (シルバーsilver),,,24,,シルバーsilver,1,3980,6,6,5,,0,0,8,0
https://images-na.ssl-images-amazon.com/images/I/410BAg7arDL._SY32_.jpg,,,,B019VZAAKO,http://www.amazon.co.jp/dp/B019VZAAKO,Smart Smokers,Eleaf 【正規品】iStick basic アトマイザー内蔵2300mAhバッテリー (シルバーsilver),,,24,,シルバーsilver,1,3980,6,6,1,,0,0,1,0
https://images-na.ssl-images-amazon.com/images/I/410BAg7arDL._SY32_.jpg,,,,B019VZAANG,http://www.amazon.co.jp/dp/B019VZAANG,max-shop,Eleaf 【正規品】iStick basic アトマイザー内蔵2300mAhバッテリー (グレーgray),,,24,,グレーgray,1,3980,5,5,4,,0,0,2,0
https://images-na.ssl-images-amazon.com/images/I/410BAg7arDL._SY32_.jpg,,,,B019VZAANG,http://www.amazon.co.jp/dp/B019VZAANG,ＪＭＳ,Eleaf 【正規品】iStick basic アトマイザー内蔵2300mAhバッテリー (グレーgray),,,24,,グレーgray,1,3980,5,5,5,,0,0,2,0
https://images-na.ssl-images-amazon.com/images/I/410BAg7arDL._SY32_.jpg,,,,B019VZAANG,http://www.amazon.co.jp/dp/B019VZAANG,キラネットショップ,Eleaf 【正規品】iStick basic アトマイザー内蔵2300mAhバッテリー (グレーgray),,,24,,グレーgray,1,3980,5,5,2,,0,4,4,15920
https://images-na.ssl-images-amazon.com/images/I/410BAg7arDL._SY32_.jpg,,,,B019VZAANG,http://www.amazon.co.jp/dp/B019VZAANG,Smart Smokers,Eleaf 【正規品】iStick basic アトマイザー内蔵2300mAhバッテリー (グレーgray),,,24,,グレーgray,1,3980,5,5,1,,0,1,2,3980
https://images-na.ssl-images-amazon.com/images/I/316mPISubuL._SY32_.jpg,,,,B06XXXL4ZP,http://www.amazon.co.jp/dp/B06XXXL4ZP,アクトファースト AM店,Eleaf iCare 140 イーリーフ アイケア 140 スターターキット 小型電子タバコ【日本語説明書付】ホワイト,,,24,,ホワイト,1,2980,2,2,16,,0,2,4,5960
https://images-na.ssl-images-amazon.com/images/I/316mPISubuL._SY32_.jpg,,,,B06XXXL4ZP,http://www.amazon.co.jp/dp/B06XXXL4ZP,メイヘン　★感謝してます★ 安心・安全の返品保証付き★迅速発送致します！,Eleaf iCare 140 イーリーフ アイケア 140 スターターキット 小型電子タバコ【日本語説明書付】ホワイト,,,24,,ホワイト,0,0,2,2,0,,0,3,6,8940
https://images-na.ssl-images-amazon.com/images/I/316mPISubuL._SY32_.jpg,,,,B06XY5F1XF,http://www.amazon.co.jp/dp/B06XY5F1XF,アクトファースト AM店,Eleaf iCare 140 イーリーフ アイケア 140 スターターキット 小型電子タバコ【日本語説明書付】シルバー,,,24,,シルバー,1,2980,3,2,22,,2,21,11,62580
https://images-na.ssl-images-amazon.com/images/I/51JQaPReioL._SY32_.jpg,,,,B06W5NP9GL,http://www.amazon.co.jp/dp/B06W5NP9GL,DONIKA SELECT アマゾン店,Eleaf 正規品 iStick Pico kit 本体+バッテリーセット（シリコンケース付き）　[アトマイザー：MELO3mini] [バッテリー：sony VTC4] (Gunmetal),,,24,,-,1,5980,4,3,24,,0,0,3,0
https://images-na.ssl-images-amazon.com/images/I/51JQaPReioL._SY32_.jpg,,,,B06W5NP9GL,http://www.amazon.co.jp/dp/B06W5NP9GL,JCT-Vapor,Eleaf 正規品 iStick Pico kit 本体+バッテリーセット（シリコンケース付き）　[アトマイザー：MELO3mini] [バッテリー：sony VTC4] (Gunmetal),,,24,,-,0,0,4,3,0,,0,6,2,35790
https://images-na.ssl-images-amazon.com/images/I/51JQaPReioL._SY32_.jpg,,,,B06W5NP9GL,http://www.amazon.co.jp/dp/B06W5NP9GL,セレクトショップＨＡＮＡ,Eleaf 正規品 iStick Pico kit 本体+バッテリーセット（シリコンケース付き）　[アトマイザー：MELO3mini] [バッテリー：sony VTC4] (Gunmetal),,,24,,-,0,0,4,3,0,,0,18,11,95290
https://images-na.ssl-images-amazon.com/images/I/51JQaPReioL._SY32_.jpg,,,,B06W5NP9GL,http://www.amazon.co.jp/dp/B06W5NP9GL,Ryoma888,Eleaf 正規品 iStick Pico kit 本体+バッテリーセット（シリコンケース付き）　[アトマイザー：MELO3mini] [バッテリー：sony VTC4] (Gunmetal),,,24,,-,1,5965,4,3,8,,3,16,3,95440
https://images-na.ssl-images-amazon.com/images/I/51JQaPReioL._SY32_.jpg,,,,B072MZ1Q4R,http://www.amazon.co.jp/dp/B072MZ1Q4R,JCT-Vapor,Eleaf 正規品 iStick Pico kit 本体+バッテリーセット（シリコンケース付き）　[アトマイザー：MELO3mini] [バッテリー：sony VTC4] (ブラッシュドシルバー),,,24,,ブラッシュドシルバー,1,5800,5,5,2,,0,1,1,5800
https://images-na.ssl-images-amazon.com/images/I/51JQaPReioL._SY32_.jpg,,,,B072MZ1Q4R,http://www.amazon.co.jp/dp/B072MZ1Q4R,セレクトショップＨＡＮＡ,Eleaf 正規品 iStick Pico kit 本体+バッテリーセット（シリコンケース付き）　[アトマイザー：MELO3mini] [バッテリー：sony VTC4] (ブラッシュドシルバー),,,24,,ブラッシュドシルバー,1,5800,5,5,5,,0,0,7,0
https://images-na.ssl-images-amazon.com/images/I/51JQaPReioL._SY32_.jpg,,,,B072MZ1Q4R,http://www.amazon.co.jp/dp/B072MZ1Q4R,キラネットショップ,Eleaf 正規品 iStick Pico kit 本体+バッテリーセット（シリコンケース付き）　[アトマイザー：MELO3mini] [バッテリー：sony VTC4] (ブラッシュドシルバー),,,24,,ブラッシュドシルバー,1,5800,5,5,3,,0,2,4,11600
https://images-na.ssl-images-amazon.com/images/I/51JQaPReioL._SY32_.jpg,,,,B072MZ1Q4R,http://www.amazon.co.jp/dp/B072MZ1Q4R,Ryoma888,Eleaf 正規品 iStick Pico kit 本体+バッテリーセット（シリコンケース付き）　[アトマイザー：MELO3mini] [バッテリー：sony VTC4] (ブラッシュドシルバー),,,24,,ブラッシュドシルバー,1,5800,5,5,3,,0,2,1,11600
https://images-na.ssl-images-amazon.com/images/I/51JQaPReioL._SY32_.jpg,,,,B01LABLGIM,http://www.amazon.co.jp/dp/B01LABLGIM,DONIKA SELECT アマゾン店,Eleaf 正規品 iStick Pico kit 本体+バッテリーセット（シリコンケース付き）　[アトマイザー：MELO3mini] [バッテリー：sony VTC4]（フルブラック）,,,24,,フルブラック,1,5980,6,5,24,,0,0,2,0
https://images-na.ssl-images-amazon.com/images/I/51JQaPReioL._SY32_.jpg,,,,B01LABLGIM,http://www.amazon.co.jp/dp/B01LABLGIM,JCT-Vapor,Eleaf 正規品 iStick Pico kit 本体+バッテリーセット（シリコンケース付き）　[アトマイザー：MELO3mini] [バッテリー：sony VTC4]（フルブラック）,,,24,,フルブラック,0,0,6,5,0,,1,2,5,11794
https://images-na.ssl-images-amazon.com/images/I/51JQaPReioL._SY32_.jpg,,,,B01LABLGIM,http://www.amazon.co.jp/dp/B01LABLGIM,セレクトショップＨＡＮＡ,Eleaf 正規品 iStick Pico kit 本体+バッテリーセット（シリコンケース付き）　[アトマイザー：MELO3mini] [バッテリー：sony VTC4]（フルブラック）,,,24,,フルブラック,1,5897,6,5,2,,0,4,12,23588
https://images-na.ssl-images-amazon.com/images/I/51JQaPReioL._SY32_.jpg,,,,B01LABLGIM,http://www.amazon.co.jp/dp/B01LABLGIM,Ryoma888,Eleaf 正規品 iStick Pico kit 本体+バッテリーセット（シリコンケース付き）　[アトマイザー：MELO3mini] [バッテリー：sony VTC4]（フルブラック）,,,24,,フルブラック,1,5897,6,5,6,,0,0,5,0
https://images-na.ssl-images-amazon.com/images/I/51JQaPReioL._SY32_.jpg,,,,B071GKQ1Q3,http://www.amazon.co.jp/dp/B071GKQ1Q3,メイヘン　★感謝してます★ 安心・安全の返品保証付き★迅速発送致します！,Eleaf 正規品 iStick Pico kit 本体+バッテリーセット（シリコンケース付き）　[アトマイザー：MELO3mini] [バッテリー：sony VTC4] (Black silver),,,24,,Black silver,0,0,1,1,0,,1,1,2,6280
https://images-na.ssl-images-amazon.com/images/I/51JQaPReioL._SY32_.jpg,,,,B071GKQ1Q3,http://www.amazon.co.jp/dp/B071GKQ1Q3,キラネットショップ,Eleaf 正規品 iStick Pico kit 本体+バッテリーセット（シリコンケース付き）　[アトマイザー：MELO3mini] [バッテリー：sony VTC4] (Black silver),,,24,,Black silver,1,6280,1,1,11,,0,1,2,6280
https://images-na.ssl-images-amazon.com/images/I/51JQaPReioL._SY32_.jpg,,,,B072KDFNFG,http://www.amazon.co.jp/dp/B072KDFNFG,JCT-Vapor,Eleaf 正規品 iStick Pico kit 本体+バッテリーセット（シリコンケース付き）　[アトマイザー：MELO3mini] [バッテリー：sony VTC4] (黒),,,24,,黒,1,5905,4,4,2,,0,1,2,5905
https://images-na.ssl-images-amazon.com/images/I/51JQaPReioL._SY32_.jpg,,,,B072KDFNFG,http://www.amazon.co.jp/dp/B072KDFNFG,セレクトショップＨＡＮＡ,Eleaf 正規品 iStick Pico kit 本体+バッテリーセット（シリコンケース付き）　[アトマイザー：MELO3mini] [バッテリー：sony VTC4] (黒),,,24,,黒,1,5905,4,4,2,,1,7,11,41355
https://images-na.ssl-images-amazon.com/images/I/51JQaPReioL._SY32_.jpg,,,,B072KDFNFG,http://www.amazon.co.jp/dp/B072KDFNFG,メイヘン　★感謝してます★ 安心・安全の返品保証付き★迅速発送致します！,Eleaf 正規品 iStick Pico kit 本体+バッテリーセット（シリコンケース付き）　[アトマイザー：MELO3mini] [バッテリー：sony VTC4] (黒),,,24,,黒,0,0,4,4,0,,0,6,10,35451
https://images-na.ssl-images-amazon.com/images/I/51JQaPReioL._SY32_.jpg,,,,B072KDFNFG,http://www.amazon.co.jp/dp/B072KDFNFG,Ryoma888,Eleaf 正規品 iStick Pico kit 本体+バッテリーセット（シリコンケース付き）　[アトマイザー：MELO3mini] [バッテリー：sony VTC4] (黒),,,24,,黒,1,5905,4,4,9,,1,2,2,11810
https://images-na.ssl-images-amazon.com/images/I/51JQaPReioL._SY32_.jpg,,,,B01M7YQ94A,http://www.amazon.co.jp/dp/B01M7YQ94A,DONIKA SELECT アマゾン店,Eleaf 正規品 iStick Pico kit 本体+バッテリーセット（シリコンケース付き）　[アトマイザー：MELO3mini] [バッテリー：sony VTC4]（ホワイト）,,,24,,ホワイト,1,5980,5,5,13,,0,0,0,0
https://images-na.ssl-images-amazon.com/images/I/51JQaPReioL._SY32_.jpg,,,,B01M7YQ94A,http://www.amazon.co.jp/dp/B01M7YQ94A,JCT-Vapor,Eleaf 正規品 iStick Pico kit 本体+バッテリーセット（シリコンケース付き）　[アトマイザー：MELO3mini] [バッテリー：sony VTC4]（ホワイト）,,,24,,ホワイト,1,5907,5,5,1,,0,0,0,0
https://images-na.ssl-images-amazon.com/images/I/51JQaPReioL._SY32_.jpg,,,,B01M7YQ94A,http://www.amazon.co.jp/dp/B01M7YQ94A,セレクトショップＨＡＮＡ,Eleaf 正規品 iStick Pico kit 本体+バッテリーセット（シリコンケース付き）　[アトマイザー：MELO3mini] [バッテリー：sony VTC4]（ホワイト）,,,24,,ホワイト,1,5907,5,5,2,,0,3,5,17727
https://images-na.ssl-images-amazon.com/images/I/51JQaPReioL._SY32_.jpg,,,,B01M7YQ94A,http://www.amazon.co.jp/dp/B01M7YQ94A,キラネットショップ,Eleaf 正規品 iStick Pico kit 本体+バッテリーセット（シリコンケース付き）　[アトマイザー：MELO3mini] [バッテリー：sony VTC4]（ホワイト）,,,24,,ホワイト,1,5907,5,5,11,,1,1,3,5907
https://images-na.ssl-images-amazon.com/images/I/51JQaPReioL._SY32_.jpg,,,,B01M7YQ94A,http://www.amazon.co.jp/dp/B01M7YQ94A,Ryoma888,Eleaf 正規品 iStick Pico kit 本体+バッテリーセット（シリコンケース付き）　[アトマイザー：MELO3mini] [バッテリー：sony VTC4]（ホワイト）,,,24,,ホワイト,1,5907,5,5,9,,0,0,0,0
https://images-na.ssl-images-amazon.com/images/I/51JQaPReioL._SY32_.jpg,,,,B06X987DMK,http://www.amazon.co.jp/dp/B06X987DMK,DONIKA SELECT アマゾン店,Eleaf 正規品 iStick Pico kit 本体+バッテリーセット（シリコンケース付き）　[アトマイザー：MELO3mini] [バッテリー：sony VTC4]（ピンク）,,,24,,ピンク,1,5980,5,5,14,,0,0,4,0
https://images-na.ssl-images-amazon.com/images/I/51JQaPReioL._SY32_.jpg,,,,B06X987DMK,http://www.amazon.co.jp/dp/B06X987DMK,JCT-Vapor,Eleaf 正規品 iStick Pico kit 本体+バッテリーセット（シリコンケース付き）　[アトマイザー：MELO3mini] [バッテリー：sony VTC4]（ピンク）,,,24,,ピンク,0,0,5,5,0,,0,2,4,11816
https://images-na.ssl-images-amazon.com/images/I/51JQaPReioL._SY32_.jpg,,,,B06X987DMK,http://www.amazon.co.jp/dp/B06X987DMK,セレクトショップＨＡＮＡ,Eleaf 正規品 iStick Pico kit 本体+バッテリーセット（シリコンケース付き）　[アトマイザー：MELO3mini] [バッテリー：sony VTC4]（ピンク）,,,24,,ピンク,1,5908,5,5,2,,0,4,7,17728
